graph_id,src,dst
0,0,1
0,0,7
0,1,0
0,1,2
0,1,8
0,2,1
0,2,3
0,2,4
0,3,2
0,4,2
0,4,5
0,5,4
0,5,6
0,5,7
0,6,5
0,7,0
0,7,5
0,8,1
0,0,0
0,1,1
0,2,2
0,3,3
0,4,4
0,5,5
0,6,6
0,7,7
0,8,8
1,0,1
1,0,4
1,1,0
1,1,2
1,2,1
1,2,3
1,2,9
1,3,2
1,3,4
1,3,5
1,4,0
1,4,3
1,5,3
1,5,6
1,5,7
1,6,5
1,7,5
1,7,8
1,8,7
1,8,9
1,8,10
1,9,2
1,9,8
1,10,8
1,0,0
1,1,1
1,2,2
1,3,3
1,4,4
1,5,5
1,6,6
1,7,7
1,8,8
1,9,9
1,10,10
2,0,1
2,1,0
2,1,2
2,1,24
2,2,1
2,2,3
2,2,33
2,3,2
2,3,4
2,3,5
2,4,3
2,5,3
2,5,6
2,6,5
2,6,7
2,6,30
2,7,6
2,7,8
2,7,9
2,8,7
2,9,7
2,9,10
2,9,13
2,10,9
2,10,11
2,11,10
2,11,12
2,12,11
2,12,13
2,13,9
2,13,12
2,13,14
2,14,13
2,14,15
2,14,16
2,15,14
2,16,14
2,16,17
2,16,29
2,17,16
2,17,18
2,18,17
2,18,19
2,18,20
2,19,18
2,20,18
2,20,21
2,20,28
2,21,20
2,21,22
2,21,25
2,22,21
2,22,23
2,22,24
2,23,22
2,24,1
2,24,22
2,25,21
2,25,26
2,25,27
2,26,25
2,27,25
2,28,20
2,29,16
2,30,6
2,30,31
2,30,32
2,31,30
2,32,30
2,33,2
2,33,34
2,34,33
2,34,35
2,34,36
2,35,34
2,36,34
2,36,37
2,36,42
2,37,36
2,37,38
2,37,89
2,38,37
2,38,39
2,38,40
2,39,38
2,40,38
2,40,41
2,40,88
2,41,40
2,41,42
2,41,50
2,42,36
2,42,41
2,42,43
2,43,42
2,43,44
2,44,43
2,44,45
2,44,49
2,45,44
2,45,46
2,45,52
2,46,45
2,46,47
2,47,46
2,47,48
2,48,47
2,48,49
2,48,51
2,49,44
2,49,48
2,49,50
2,50,41
2,50,49
2,51,48
2,52,45
2,52,53
2,52,54
2,53,52
2,54,52
2,54,55
2,55,54
2,55,56
2,55,77
2,56,55
2,56,57
2,56,87
2,57,56
2,57,58
2,58,57
2,58,59
2,58,60
2,59,58
2,60,58
2,60,61
2,60,84
2,61,60
2,61,62
2,61,83
2,62,61
2,62,63
2,62,64
2,63,62
2,64,62
2,64,65
2,65,64
2,65,66
2,65,82
2,66,65
2,66,67
2,66,68
2,67,66
2,68,66
2,68,69
2,68,72
2,69,68
2,69,70
2,70,69
2,70,71
2,71,70
2,71,72
2,72,68
2,72,71
2,72,73
2,73,72
2,73,74
2,73,75
2,74,73
2,75,73
2,75,76
2,75,79
2,76,75
2,76,77
2,77,55
2,77,76
2,77,78
2,78,77
2,79,75
2,79,80
2,79,81
2,80,79
2,81,79
2,82,65
2,83,61
2,84,60
2,84,85
2,84,86
2,85,84
2,86,84
2,87,56
2,88,40
2,89,37
2,0,0
2,1,1
2,2,2
2,3,3
2,4,4
2,5,5
2,6,6
2,7,7
2,8,8
2,9,9
2,10,10
2,11,11
2,12,12
2,13,13
2,14,14
2,15,15
2,16,16
2,17,17
2,18,18
2,19,19
2,20,20
2,21,21
2,22,22
2,23,23
2,24,24
2,25,25
2,26,26
2,27,27
2,28,28
2,29,29
2,30,30
2,31,31
2,32,32
2,33,33
2,34,34
2,35,35
2,36,36
2,37,37
2,38,38
2,39,39
2,40,40
2,41,41
2,42,42
2,43,43
2,44,44
2,45,45
2,46,46
2,47,47
2,48,48
2,49,49
2,50,50
2,51,51
2,52,52
2,53,53
2,54,54
2,55,55
2,56,56
2,57,57
2,58,58
2,59,59
2,60,60
2,61,61
2,62,62
2,63,63
2,64,64
2,65,65
2,66,66
2,67,67
2,68,68
2,69,69
2,70,70
2,71,71
2,72,72
2,73,73
2,74,74
2,75,75
2,76,76
2,77,77
2,78,78
2,79,79
2,80,80
2,81,81
2,82,82
2,83,83
2,84,84
2,85,85
2,86,86
2,87,87
2,88,88
2,89,89
3,0,1
3,0,4
3,1,0
3,1,2
3,2,1
3,2,3
3,2,13
3,3,2
3,3,4
3,3,10
3,4,0
3,4,3
3,4,5
3,5,4
3,5,6
3,6,5
3,6,7
3,7,6
3,7,8
3,8,7
3,8,9
3,9,8
3,10,3
3,10,11
3,11,10
3,11,12
3,11,15
3,12,11
3,12,13
3,13,2
3,13,12
3,13,14
3,14,13
3,15,11
3,0,0
3,1,1
3,2,2
3,3,3
3,4,4
3,5,5
3,6,6
3,7,7
3,8,8
3,9,9
3,10,10
3,11,11
3,12,12
3,13,13
3,14,14
3,15,15
4,0,1
4,0,5
4,1,0
4,1,2
4,2,1
4,2,3
4,2,18
4,3,2
4,3,4
4,3,8
4,4,3
4,4,5
4,4,6
4,5,0
4,5,4
4,6,4
4,6,7
4,6,9
4,7,6
4,7,8
4,8,3
4,8,7
4,9,6
4,9,10
4,9,13
4,10,9
4,10,11
4,10,17
4,11,10
4,11,12
4,11,16
4,12,11
4,12,13
4,12,14
4,13,9
4,13,12
4,14,12
4,14,15
4,15,14
4,16,11
4,17,10
4,18,2
4,0,0
4,1,1
4,2,2
4,3,3
4,4,4
4,5,5
4,6,6
4,7,7
4,8,8
4,9,9
4,10,10
4,11,11
4,12,12
4,13,13
4,14,14
4,15,15
4,16,16
4,17,17
4,18,18
5,0,1
5,0,4
5,1,0
5,1,2
5,2,1
5,2,3
5,3,2
5,3,4
5,3,9
5,4,0
5,4,3
5,4,5
5,5,4
5,5,6
5,5,7
5,6,5
5,7,5
5,7,8
5,8,7
5,8,9
5,9,3
5,9,8
5,0,0
5,1,1
5,2,2
5,3,3
5,4,4
5,5,5
5,6,6
5,7,7
5,8,8
5,9,9
6,0,1
6,0,3
6,1,0
6,1,2
6,2,1
6,3,0
6,3,4
6,4,3
6,4,5
6,5,4
6,5,6
6,6,5
6,6,7
6,7,6
6,7,8
6,8,7
6,8,9
6,8,10
6,8,11
6,9,8
6,10,8
6,11,8
6,0,0
6,1,1
6,2,2
6,3,3
6,4,4
6,5,5
6,6,6
6,7,7
6,8,8
6,9,9
6,10,10
6,11,11
7,0,1
7,1,0
7,1,2
7,2,1
7,2,3
7,3,2
7,3,4
7,3,5
7,4,3
7,5,3
7,5,6
7,5,10
7,6,5
7,6,7
7,6,23
7,7,6
7,7,8
7,8,7
7,8,9
7,8,22
7,9,8
7,9,10
7,9,18
7,10,5
7,10,9
7,10,11
7,11,10
7,11,12
7,11,16
7,12,11
7,12,13
7,13,12
7,13,14
7,14,13
7,14,15
7,15,14
7,15,16
7,16,11
7,16,15
7,16,17
7,17,16
7,18,9
7,18,19
7,18,20
7,19,18
7,20,18
7,20,21
7,21,20
7,22,8
7,23,6
7,23,24
7,24,23
7,24,25
7,25,24
7,25,26
7,26,25
7,26,27
7,27,26
7,0,0
7,1,1
7,2,2
7,3,3
7,4,4
7,5,5
7,6,6
7,7,7
7,8,8
7,9,9
7,10,10
7,11,11
7,12,12
7,13,13
7,14,14
7,15,15
7,16,16
7,17,17
7,18,18
7,19,19
7,20,20
7,21,21
7,22,22
7,23,23
7,24,24
7,25,25
7,26,26
7,27,27
8,0,1
8,1,0
8,1,2
8,1,40
8,2,1
8,2,3
8,3,2
8,3,4
8,4,3
8,4,5
8,5,4
8,5,6
8,6,5
8,6,7
8,7,6
8,7,8
8,8,7
8,8,9
8,9,8
8,9,10
8,10,9
8,10,11
8,11,10
8,11,12
8,12,11
8,12,13
8,13,12
8,13,14
8,14,13
8,14,15
8,15,14
8,15,16
8,16,15
8,16,17
8,16,54
8,17,16
8,17,18
8,18,17
8,18,19
8,18,23
8,19,18
8,19,20
8,19,51
8,20,19
8,20,21
8,20,50
8,21,20
8,21,22
8,22,21
8,22,23
8,22,24
8,22,49
8,23,18
8,23,22
8,24,22
8,24,25
8,25,24
8,25,26
8,25,48
8,26,25
8,26,27
8,27,26
8,27,28
8,27,47
8,28,27
8,28,29
8,28,46
8,29,28
8,29,30
8,30,29
8,30,31
8,31,30
8,31,32
8,31,45
8,32,31
8,32,33
8,33,32
8,33,34
8,33,44
8,34,33
8,34,35
8,35,34
8,35,36
8,35,37
8,36,35
8,37,35
8,37,38
8,38,37
8,38,39
8,38,43
8,39,38
8,39,40
8,39,42
8,40,1
8,40,39
8,40,41
8,41,40
8,42,39
8,43,38
8,44,33
8,45,31
8,46,28
8,47,27
8,48,25
8,49,22
8,50,20
8,51,19
8,51,52
8,51,53
8,52,51
8,53,51
8,54,16
8,54,55
8,55,54
8,55,56
8,55,60
8,56,55
8,56,57
8,56,64
8,57,56
8,57,58
8,57,63
8,58,57
8,58,59
8,58,62
8,59,58
8,59,60
8,59,61
8,60,55
8,60,59
8,61,59
8,62,58
8,63,57
8,64,56
8,0,0
8,1,1
8,2,2
8,3,3
8,4,4
8,5,5
8,6,6
8,7,7
8,8,8
8,9,9
8,10,10
8,11,11
8,12,12
8,13,13
8,14,14
8,15,15
8,16,16
8,17,17
8,18,18
8,19,19
8,20,20
8,21,21
8,22,22
8,23,23
8,24,24
8,25,25
8,26,26
8,27,27
8,28,28
8,29,29
8,30,30
8,31,31
8,32,32
8,33,33
8,34,34
8,35,35
8,36,36
8,37,37
8,38,38
8,39,39
8,40,40
8,41,41
8,42,42
8,43,43
8,44,44
8,45,45
8,46,46
8,47,47
8,48,48
8,49,49
8,50,50
8,51,51
8,52,52
8,53,53
8,54,54
8,55,55
8,56,56
8,57,57
8,58,58
8,59,59
8,60,60
8,61,61
8,62,62
8,63,63
8,64,64
9,0,1
9,1,0
9,1,2
9,1,3
9,1,5
9,2,1
9,3,1
9,3,4
9,4,3
9,5,1
9,5,6
9,5,10
9,6,5
9,6,7
9,7,6
9,7,8
9,7,17
9,8,7
9,8,9
9,9,8
9,9,10
9,9,11
9,10,5
9,10,9
9,11,9
9,11,12
9,12,11
9,12,13
9,12,16
9,13,12
9,13,14
9,14,13
9,14,15
9,15,14
9,15,16
9,16,12
9,16,15
9,17,7
9,17,18
9,17,19
9,17,20
9,18,17
9,19,17
9,20,17
9,20,21
9,21,20
9,0,0
9,1,1
9,2,2
9,3,3
9,4,4
9,5,5
9,6,6
9,7,7
9,8,8
9,9,9
9,10,10
9,11,11
9,12,12
9,13,13
9,14,14
9,15,15
9,16,16
9,17,17
9,18,18
9,19,19
9,20,20
9,21,21
10,0,1
10,1,0
10,1,2
10,1,3
10,2,1
10,3,1
10,3,4
10,4,3
10,4,5
10,4,9
10,5,4
10,5,6
10,6,5
10,6,7
10,7,6
10,7,8
10,8,7
10,8,9
10,9,4
10,9,8
10,9,10
10,10,9
10,10,11
10,10,12
10,11,10
10,12,10
10,0,0
10,1,1
10,2,2
10,3,3
10,4,4
10,5,5
10,6,6
10,7,7
10,8,8
10,9,9
10,10,10
10,11,11
10,12,12
11,0,1
11,1,0
11,1,2
11,1,5
11,2,1
11,2,3
11,2,8
11,3,2
11,3,4
11,4,3
11,4,5
11,5,1
11,5,4
11,5,6
11,6,5
11,6,7
11,7,6
11,7,8
11,7,9
11,8,2
11,8,7
11,9,7
11,9,10
11,10,9
11,10,11
11,10,12
11,11,10
11,12,10
11,12,13
11,12,15
11,13,12
11,13,14
11,14,13
11,15,12
11,15,16
11,15,20
11,16,15
11,16,17
11,17,16
11,17,18
11,18,17
11,18,19
11,19,18
11,19,20
11,20,15
11,20,19
11,0,0
11,1,1
11,2,2
11,3,3
11,4,4
11,5,5
11,6,6
11,7,7
11,8,8
11,9,9
11,10,10
11,11,11
11,12,12
11,13,13
11,14,14
11,15,15
11,16,16
11,17,17
11,18,18
11,19,19
11,20,20
12,0,1
12,1,0
12,1,2
12,1,6
12,2,1
12,2,3
12,3,2
12,3,4
12,3,21
12,4,3
12,4,5
12,4,18
12,5,4
12,5,6
12,6,1
12,6,5
12,6,7
12,7,6
12,7,8
12,7,9
12,8,7
12,9,7
12,9,10
12,9,14
12,10,9
12,10,11
12,11,10
12,11,12
12,12,11
12,12,13
12,12,15
12,13,12
12,13,14
12,14,9
12,14,13
12,15,12
12,15,16
12,15,17
12,16,15
12,17,15
12,18,4
12,18,19
12,18,24
12,18,25
12,19,18
12,19,20
12,20,19
12,20,21
12,21,3
12,21,20
12,21,22
12,21,23
12,22,21
12,23,21
12,24,18
12,25,18
12,0,0
12,1,1
12,2,2
12,3,3
12,4,4
12,5,5
12,6,6
12,7,7
12,8,8
12,9,9
12,10,10
12,11,11
12,12,12
12,13,13
12,14,14
12,15,15
12,16,16
12,17,17
12,18,18
12,19,19
12,20,20
12,21,21
12,22,22
12,23,23
12,24,24
12,25,25
13,0,1
13,1,0
13,1,2
13,1,6
13,2,1
13,2,3
13,2,20
13,3,2
13,3,4
13,4,3
13,4,5
13,4,8
13,5,4
13,5,6
13,6,1
13,6,5
13,6,7
13,7,6
13,8,4
13,8,9
13,8,13
13,9,8
13,9,10
13,10,9
13,10,11
13,10,12
13,11,10
13,12,10
13,13,8
13,13,14
13,14,13
13,14,15
13,15,14
13,15,16
13,15,19
13,16,15
13,16,17
13,16,18
13,17,16
13,18,16
13,19,15
13,20,2
13,20,21
13,20,22
13,21,20
13,22,20
13,22,23
13,23,22
13,23,24
13,23,56
13,24,23
13,24,25
13,24,30
13,25,24
13,25,26
13,25,29
13,26,25
13,26,27
13,27,26
13,27,28
13,28,27
13,28,29
13,29,25
13,29,28
13,30,24
13,30,31
13,31,30
13,31,32
13,31,36
13,32,31
13,32,33
13,32,41
13,33,32
13,33,34
13,33,40
13,34,33
13,34,35
13,34,39
13,35,34
13,35,36
13,35,37
13,36,31
13,36,35
13,37,35
13,37,38
13,38,37
13,39,34
13,40,33
13,41,32
13,41,42
13,42,41
13,42,43
13,42,47
13,43,42
13,43,44
13,43,55
13,44,43
13,44,45
13,44,51
13,45,44
13,45,46
13,45,50
13,46,45
13,46,47
13,46,48
13,47,42
13,47,46
13,48,46
13,48,49
13,49,48
13,50,45
13,51,44
13,51,52
13,52,51
13,52,53
13,52,54
13,53,52
13,54,52
13,55,43
13,56,23
13,56,57
13,56,58
13,57,56
13,58,56
13,58,59
13,59,58
13,59,60
13,59,61
13,60,59
13,61,59
13,61,62
13,61,95
13,62,61
13,62,63
13,62,64
13,63,62
13,64,62
13,64,65
13,64,66
13,65,64
13,66,64
13,66,67
13,67,66
13,67,68
13,67,71
13,68,67
13,68,69
13,68,70
13,69,68
13,70,68
13,71,67
13,71,72
13,71,73
13,72,71
13,73,71
13,73,74
13,74,73
13,74,75
13,75,74
13,75,76
13,76,75
13,76,77
13,76,80
13,77,76
13,77,78
13,78,77
13,78,79
13,78,81
13,79,78
13,79,80
13,80,76
13,80,79
13,81,78
13,81,82
13,81,85
13,82,81
13,82,83
13,83,82
13,83,84
13,83,86
13,84,83
13,84,85
13,85,81
13,85,84
13,86,83
13,86,87
13,86,88
13,87,86
13,88,86
13,88,89
13,89,88
13,89,90
13,90,89
13,90,91
13,91,90
13,91,92
13,92,91
13,92,93
13,92,94
13,93,92
13,94,92
13,95,61
13,0,0
13,1,1
13,2,2
13,3,3
13,4,4
13,5,5
13,6,6
13,7,7
13,8,8
13,9,9
13,10,10
13,11,11
13,12,12
13,13,13
13,14,14
13,15,15
13,16,16
13,17,17
13,18,18
13,19,19
13,20,20
13,21,21
13,22,22
13,23,23
13,24,24
13,25,25
13,26,26
13,27,27
13,28,28
13,29,29
13,30,30
13,31,31
13,32,32
13,33,33
13,34,34
13,35,35
13,36,36
13,37,37
13,38,38
13,39,39
13,40,40
13,41,41
13,42,42
13,43,43
13,44,44
13,45,45
13,46,46
13,47,47
13,48,48
13,49,49
13,50,50
13,51,51
13,52,52
13,53,53
13,54,54
13,55,55
13,56,56
13,57,57
13,58,58
13,59,59
13,60,60
13,61,61
13,62,62
13,63,63
13,64,64
13,65,65
13,66,66
13,67,67
13,68,68
13,69,69
13,70,70
13,71,71
13,72,72
13,73,73
13,74,74
13,75,75
13,76,76
13,77,77
13,78,78
13,79,79
13,80,80
13,81,81
13,82,82
13,83,83
13,84,84
13,85,85
13,86,86
13,87,87
13,88,88
13,89,89
13,90,90
13,91,91
13,92,92
13,93,93
13,94,94
13,95,95
14,0,1
14,0,26
14,0,27
14,1,0
14,1,2
14,1,6
14,2,1
14,2,3
14,3,2
14,3,4
14,3,5
14,4,3
14,5,3
14,6,1
14,6,7
14,7,6
14,7,8
14,7,9
14,8,7
14,9,7
14,9,10
14,9,17
14,10,9
14,10,11
14,11,10
14,11,12
14,11,16
14,12,11
14,12,13
14,13,12
14,13,14
14,14,13
14,14,15
14,15,14
14,15,16
14,16,11
14,16,15
14,17,9
14,17,18
14,18,17
14,18,19
14,18,20
14,19,18
14,20,18
14,20,21
14,20,25
14,21,20
14,21,22
14,22,21
14,22,23
14,23,22
14,23,24
14,24,23
14,24,25
14,25,20
14,25,24
14,26,0
14,27,0
14,0,0
14,1,1
14,2,2
14,3,3
14,4,4
14,5,5
14,6,6
14,7,7
14,8,8
14,9,9
14,10,10
14,11,11
14,12,12
14,13,13
14,14,14
14,15,15
14,16,16
14,17,17
14,18,18
14,19,19
14,20,20
14,21,21
14,22,22
14,23,23
14,24,24
14,25,25
14,26,26
14,27,27
15,0,1
15,1,0
15,1,2
15,1,11
15,2,1
15,2,3
15,2,4
15,3,2
15,4,2
15,4,5
15,4,9
15,5,4
15,5,6
15,6,5
15,6,7
15,6,10
15,7,6
15,7,8
15,8,7
15,8,9
15,9,4
15,9,8
15,10,6
15,11,1
15,11,12
15,12,11
15,12,13
15,12,14
15,12,15
15,13,12
15,14,12
15,15,12
15,0,0
15,1,1
15,2,2
15,3,3
15,4,4
15,5,5
15,6,6
15,7,7
15,8,8
15,9,9
15,10,10
15,11,11
15,12,12
15,13,13
15,14,14
15,15,15
16,0,1
16,1,0
16,1,2
16,1,3
16,1,4
16,2,1
16,3,1
16,4,1
16,4,5
16,5,4
16,5,6
16,6,5
16,6,7
16,7,6
16,7,8
16,8,7
16,8,9
16,9,8
16,9,10
16,10,9
16,10,11
16,10,12
16,10,13
16,11,10
16,12,10
16,13,10
16,0,0
16,1,1
16,2,2
16,3,3
16,4,4
16,5,5
16,6,6
16,7,7
16,8,8
16,9,9
16,10,10
16,11,11
16,12,12
16,13,13
17,0,1
17,1,0
17,1,2
17,1,9
17,2,1
17,2,3
17,3,2
17,3,4
17,4,3
17,4,5
17,5,4
17,5,6
17,5,7
17,5,8
17,6,5
17,7,5
17,8,5
17,9,1
17,9,10
17,9,13
17,10,9
17,10,11
17,11,10
17,11,12
17,12,11
17,12,13
17,12,17
17,13,9
17,13,12
17,13,14
17,13,29
17,14,13
17,14,15
17,15,14
17,15,16
17,16,15
17,16,17
17,17,12
17,17,16
17,17,18
17,18,17
17,18,19
17,19,18
17,19,20
17,20,19
17,20,21
17,20,25
17,21,20
17,21,22
17,22,21
17,22,23
17,22,28
17,23,22
17,23,24
17,24,23
17,24,25
17,24,27
17,25,20
17,25,24
17,25,26
17,26,25
17,27,24
17,28,22
17,29,13
17,0,0
17,1,1
17,2,2
17,3,3
17,4,4
17,5,5
17,6,6
17,7,7
17,8,8
17,9,9
17,10,10
17,11,11
17,12,12
17,13,13
17,14,14
17,15,15
17,16,16
17,17,17
17,18,18
17,19,19
17,20,20
17,21,21
17,22,22
17,23,23
17,24,24
17,25,25
17,26,26
17,27,27
17,28,28
17,29,29
18,0,1
18,1,0
18,1,2
18,2,1
18,2,3
18,3,2
18,3,4
18,4,3
18,4,5
18,5,4
18,5,6
18,6,5
18,6,7
18,6,8
18,7,6
18,8,6
18,8,9
18,9,8
18,9,10
18,9,15
18,10,9
18,10,11
18,11,10
18,11,12
18,11,13
18,12,11
18,13,11
18,13,14
18,13,17
18,14,13
18,14,15
18,15,9
18,15,14
18,15,16
18,16,15
18,17,13
18,17,18
18,17,21
18,18,17
18,18,19
18,18,24
18,19,18
18,19,20
18,19,23
18,20,19
18,20,21
18,20,22
18,21,17
18,21,20
18,22,20
18,23,19
18,24,18
18,0,0
18,1,1
18,2,2
18,3,3
18,4,4
18,5,5
18,6,6
18,7,7
18,8,8
18,9,9
18,10,10
18,11,11
18,12,12
18,13,13
18,14,14
18,15,15
18,16,16
18,17,17
18,18,18
18,19,19
18,20,20
18,21,21
18,22,22
18,23,23
18,24,24
19,0,1
19,0,5
19,1,0
19,1,2
19,2,1
19,2,3
19,3,2
19,3,4
19,3,14
19,4,3
19,4,5
19,4,6
19,5,0
19,5,4
19,6,4
19,6,7
19,7,6
19,7,8
19,8,7
19,8,9
19,8,13
19,9,8
19,9,10
19,10,9
19,10,11
19,11,10
19,11,12
19,12,11
19,12,13
19,13,8
19,13,12
19,13,14
19,14,3
19,14,13
19,14,15
19,15,14
19,15,16
19,15,17
19,16,15
19,17,15
19,0,0
19,1,1
19,2,2
19,3,3
19,4,4
19,5,5
19,6,6
19,7,7
19,8,8
19,9,9
19,10,10
19,11,11
19,12,12
19,13,13
19,14,14
19,15,15
19,16,16
19,17,17
20,0,1
20,1,0
20,1,2
20,2,1
20,2,3
20,2,7
20,3,2
20,3,4
20,4,3
20,4,5
20,5,4
20,5,6
20,6,5
20,6,7
20,7,2
20,7,6
20,7,8
20,8,7
20,8,9
20,9,8
20,9,10
20,10,9
20,10,11
20,11,10
20,11,12
20,12,11
20,12,13
20,13,12
20,13,14
20,13,29
20,14,13
20,14,15
20,15,14
20,15,16
20,16,15
20,16,17
20,16,21
20,17,16
20,17,18
20,18,17
20,18,19
20,19,18
20,19,20
20,20,19
20,20,21
20,20,28
20,21,16
20,21,20
20,21,22
20,22,21
20,22,23
20,22,27
20,23,22
20,23,24
20,24,23
20,24,25
20,25,24
20,25,26
20,26,25
20,26,27
20,27,22
20,27,26
20,27,28
20,28,20
20,28,27
20,29,13
20,0,0
20,1,1
20,2,2
20,3,3
20,4,4
20,5,5
20,6,6
20,7,7
20,8,8
20,9,9
20,10,10
20,11,11
20,12,12
20,13,13
20,14,14
20,15,15
20,16,16
20,17,17
20,18,18
20,19,19
20,20,20
20,21,21
20,22,22
20,23,23
20,24,24
20,25,25
20,26,26
20,27,27
20,28,28
20,29,29
21,0,1
21,1,0
21,1,2
21,1,6
21,2,1
21,2,3
21,3,2
21,3,4
21,4,3
21,4,5
21,4,7
21,5,4
21,5,6
21,6,1
21,6,5
21,7,4
21,7,8
21,7,11
21,8,7
21,8,9
21,9,8
21,9,10
21,9,22
21,10,9
21,10,11
21,11,7
21,11,10
21,11,12
21,12,11
21,12,13
21,12,17
21,13,12
21,13,14
21,14,13
21,14,15
21,15,14
21,15,16
21,15,18
21,16,15
21,16,17
21,17,12
21,17,16
21,18,15
21,18,19
21,18,20
21,18,21
21,19,18
21,20,18
21,21,18
21,22,9
21,22,23
21,22,24
21,22,25
21,23,22
21,24,22
21,25,22
21,0,0
21,1,1
21,2,2
21,3,3
21,4,4
21,5,5
21,6,6
21,7,7
21,8,8
21,9,9
21,10,10
21,11,11
21,12,12
21,13,13
21,14,14
21,15,15
21,16,16
21,17,17
21,18,18
21,19,19
21,20,20
21,21,21
21,22,22
21,23,23
21,24,24
21,25,25
22,0,1
22,1,0
22,1,2
22,1,20
22,2,1
22,2,3
22,2,21
22,3,2
22,3,4
22,3,6
22,4,3
22,4,5
22,4,19
22,5,4
22,5,6
22,5,8
22,6,3
22,6,5
22,6,7
22,7,6
22,8,5
22,8,9
22,9,8
22,9,10
22,9,11
22,10,9
22,11,9
22,11,12
22,11,18
22,12,11
22,12,13
22,12,17
22,13,12
22,13,14
22,14,13
22,14,15
22,15,14
22,15,16
22,16,15
22,16,17
22,17,12
22,17,16
22,18,11
22,19,4
22,19,20
22,20,1
22,20,19
22,21,2
22,21,22
22,21,23
22,22,21
22,23,21
22,0,0
22,1,1
22,2,2
22,3,3
22,4,4
22,5,5
22,6,6
22,7,7
22,8,8
22,9,9
22,10,10
22,11,11
22,12,12
22,13,13
22,14,14
22,15,15
22,16,16
22,17,17
22,18,18
22,19,19
22,20,20
22,21,21
22,22,22
22,23,23
23,0,1
23,0,5
23,1,0
23,1,2
23,2,1
23,2,3
23,2,12
23,3,2
23,3,4
23,4,3
23,4,5
23,5,0
23,5,4
23,5,6
23,6,5
23,6,7
23,7,6
23,7,8
23,8,7
23,8,9
23,9,8
23,9,10
23,9,11
23,10,9
23,11,9
23,12,2
23,12,13
23,12,16
23,13,12
23,13,14
23,14,13
23,14,15
23,15,14
23,16,12
23,16,17
23,17,16
23,17,18
23,18,17
23,0,0
23,1,1
23,2,2
23,3,3
23,4,4
23,5,5
23,6,6
23,7,7
23,8,8
23,9,9
23,10,10
23,11,11
23,12,12
23,13,13
23,14,14
23,15,15
23,16,16
23,17,17
23,18,18
24,0,1
24,1,0
24,1,2
24,2,1
24,2,3
24,2,17
24,3,2
24,3,4
24,3,50
24,3,51
24,4,3
24,4,5
24,4,49
24,5,4
24,5,6
24,5,48
24,6,5
24,6,7
24,6,8
24,7,6
24,8,6
24,8,9
24,8,47
24,9,8
24,9,10
24,10,9
24,10,11
24,10,44
24,10,45
24,11,10
24,11,12
24,11,32
24,12,11
24,12,13
24,12,31
24,13,12
24,13,14
24,13,19
24,14,13
24,14,15
24,14,18
24,15,14
24,15,16
24,15,17
24,16,15
24,17,2
24,17,15
24,18,14
24,19,13
24,19,20
24,20,19
24,20,21
24,20,25
24,21,20
24,21,22
24,22,21
24,22,23
24,22,28
24,22,29
24,23,22
24,23,24
24,23,27
24,24,23
24,24,25
24,24,26
24,25,20
24,25,24
24,26,24
24,27,23
24,28,22
24,29,22
24,29,30
24,30,29
24,31,12
24,32,11
24,32,33
24,33,32
24,33,34
24,33,38
24,34,33
24,34,35
24,34,43
24,35,34
24,35,36
24,35,40
24,36,35
24,36,37
24,37,36
24,37,38
24,37,39
24,38,33
24,38,37
24,39,37
24,40,35
24,40,41
24,40,42
24,41,40
24,42,40
24,43,34
24,44,10
24,45,10
24,45,46
24,46,45
24,47,8
24,48,5
24,49,4
24,50,3
24,51,3
24,0,0
24,1,1
24,2,2
24,3,3
24,4,4
24,5,5
24,6,6
24,7,7
24,8,8
24,9,9
24,10,10
24,11,11
24,12,12
24,13,13
24,14,14
24,15,15
24,16,16
24,17,17
24,18,18
24,19,19
24,20,20
24,21,21
24,22,22
24,23,23
24,24,24
24,25,25
24,26,26
24,27,27
24,28,28
24,29,29
24,30,30
24,31,31
24,32,32
24,33,33
24,34,34
24,35,35
24,36,36
24,37,37
24,38,38
24,39,39
24,40,40
24,41,41
24,42,42
24,43,43
24,44,44
24,45,45
24,46,46
24,47,47
24,48,48
24,49,49
24,50,50
24,51,51
25,0,1
25,0,5
25,1,0
25,1,2
25,2,1
25,2,3
25,3,2
25,3,4
25,3,6
25,4,3
25,4,5
25,5,0
25,5,4
25,6,3
25,6,7
25,6,13
25,6,20
25,7,6
25,7,8
25,7,12
25,8,7
25,8,9
25,9,8
25,9,10
25,10,9
25,10,11
25,11,10
25,11,12
25,12,7
25,12,11
25,13,6
25,13,14
25,13,18
25,14,13
25,14,15
25,15,14
25,15,16
25,16,15
25,16,17
25,17,16
25,17,18
25,18,13
25,18,17
25,18,19
25,19,18
25,20,6
25,20,21
25,20,24
25,21,20
25,21,22
25,22,21
25,22,23
25,23,22
25,23,24
25,24,20
25,24,23
25,0,0
25,1,1
25,2,2
25,3,3
25,4,4
25,5,5
25,6,6
25,7,7
25,8,8
25,9,9
25,10,10
25,11,11
25,12,12
25,13,13
25,14,14
25,15,15
25,16,16
25,17,17
25,18,18
25,19,19
25,20,20
25,21,21
25,22,22
25,23,23
25,24,24
26,0,1
26,0,6
26,1,0
26,1,2
26,2,1
26,2,3
26,3,2
26,3,4
26,3,5
26,3,7
26,4,3
26,5,3
26,5,6
26,6,0
26,6,5
26,7,3
26,7,8
26,7,11
26,8,7
26,8,9
26,9,8
26,9,10
26,10,9
26,11,7
26,11,12
26,12,11
26,12,13
26,13,12
26,0,0
26,1,1
26,2,2
26,3,3
26,4,4
26,5,5
26,6,6
26,7,7
26,8,8
26,9,9
26,10,10
26,11,11
26,12,12
26,13,13
27,0,1
27,1,0
27,1,2
27,1,3
27,2,1
27,3,1
27,3,4
27,4,3
27,4,5
27,5,4
27,5,6
27,5,9
27,6,5
27,6,7
27,6,10
27,7,6
27,7,8
27,8,7
27,8,9
27,9,5
27,9,8
27,10,6
27,10,11
27,10,12
27,11,10
27,12,10
27,0,0
27,1,1
27,2,2
27,3,3
27,4,4
27,5,5
27,6,6
27,7,7
27,8,8
27,9,9
27,10,10
27,11,11
27,12,12
28,0,1
28,1,0
28,1,2
28,1,6
28,2,1
28,2,3
28,2,8
28,3,2
28,3,4
28,3,7
28,4,3
28,4,5
28,5,4
28,5,6
28,6,1
28,6,5
28,7,3
28,8,2
28,8,9
28,9,8
28,9,10
28,9,11
28,10,9
28,11,9
28,11,12
28,11,15
28,12,11
28,12,13
28,13,12
28,13,14
28,14,13
28,14,15
28,14,16
28,15,11
28,15,14
28,16,14
28,16,17
28,17,16
28,17,18
28,17,22
28,18,17
28,18,19
28,19,18
28,19,20
28,19,24
28,20,19
28,20,21
28,21,20
28,21,22
28,21,23
28,22,17
28,22,21
28,23,21
28,24,19
28,24,25
28,24,29
28,25,24
28,25,26
28,26,25
28,26,27
28,27,26
28,27,28
28,27,30
28,28,27
28,28,29
28,29,24
28,29,28
28,30,27
28,30,31
28,31,30
28,31,32
28,32,31
28,0,0
28,1,1
28,2,2
28,3,3
28,4,4
28,5,5
28,6,6
28,7,7
28,8,8
28,9,9
28,10,10
28,11,11
28,12,12
28,13,13
28,14,14
28,15,15
28,16,16
28,17,17
28,18,18
28,19,19
28,20,20
28,21,21
28,22,22
28,23,23
28,24,24
28,25,25
28,26,26
28,27,27
28,28,28
28,29,29
28,30,30
28,31,31
28,32,32
29,0,1
29,0,17
29,1,0
29,1,2
29,2,1
29,2,3
29,2,7
29,3,2
29,3,4
29,3,9
29,4,3
29,4,5
29,5,4
29,5,6
29,6,5
29,6,7
29,6,8
29,7,2
29,7,6
29,8,6
29,9,3
29,9,10
29,9,16
29,10,9
29,10,11
29,10,15
29,11,10
29,11,12
29,12,11
29,12,13
29,13,12
29,13,14
29,14,13
29,14,15
29,15,10
29,15,14
29,16,9
29,16,17
29,16,21
29,17,0
29,17,16
29,17,18
29,18,17
29,18,19
29,19,18
29,19,20
29,20,19
29,20,21
29,21,16
29,21,20
29,0,0
29,1,1
29,2,2
29,3,3
29,4,4
29,5,5
29,6,6
29,7,7
29,8,8
29,9,9
29,10,10
29,11,11
29,12,12
29,13,13
29,14,14
29,15,15
29,16,16
29,17,17
29,18,18
29,19,19
29,20,20
29,21,21
30,0,1
30,1,0
30,1,2
30,1,18
30,2,1
30,2,3
30,3,2
30,3,4
30,3,17
30,4,3
30,4,5
30,4,14
30,5,4
30,5,6
30,6,5
30,6,7
30,7,6
30,7,8
30,7,13
30,8,7
30,8,9
30,9,8
30,9,10
30,9,11
30,10,9
30,11,9
30,11,12
30,12,11
30,12,13
30,13,7
30,13,12
30,13,14
30,13,27
30,14,4
30,14,13
30,14,15
30,14,26
30,15,14
30,15,16
30,15,25
30,16,15
30,16,17
30,17,3
30,17,16
30,17,18
30,17,24
30,18,1
30,18,17
30,18,19
30,18,23
30,19,18
30,19,20
30,19,21
30,20,19
30,21,19
30,21,22
30,22,21
30,23,18
30,24,17
30,25,15
30,26,14
30,27,13
30,0,0
30,1,1
30,2,2
30,3,3
30,4,4
30,5,5
30,6,6
30,7,7
30,8,8
30,9,9
30,10,10
30,11,11
30,12,12
30,13,13
30,14,14
30,15,15
30,16,16
30,17,17
30,18,18
30,19,19
30,20,20
30,21,21
30,22,22
30,23,23
30,24,24
30,25,25
30,26,26
30,27,27
31,0,1
31,1,0
31,1,2
31,1,18
31,2,1
31,2,3
31,2,14
31,3,2
31,3,4
31,3,57
31,4,3
31,4,5
31,4,6
31,5,4
31,6,4
31,6,7
31,6,11
31,6,56
31,7,6
31,7,8
31,7,55
31,8,7
31,8,9
31,9,8
31,9,10
31,9,50
31,10,9
31,10,11
31,10,49
31,10,51
31,11,6
31,11,10
31,11,12
31,12,11
31,12,13
31,12,40
31,13,12
31,13,14
31,13,17
31,13,39
31,14,2
31,14,13
31,14,15
31,14,16
31,15,14
31,16,14
31,17,13
31,17,18
31,18,1
31,18,17
31,18,19
31,19,18
31,19,20
31,20,19
31,20,21
31,20,22
31,21,20
31,22,20
31,22,23
31,22,38
31,23,22
31,23,24
31,23,30
31,24,23
31,24,25
31,24,29
31,25,24
31,25,26
31,26,25
31,26,27
31,27,26
31,27,28
31,28,27
31,28,29
31,29,24
31,29,28
31,30,23
31,30,31
31,31,30
31,31,32
31,31,33
31,32,31
31,33,31
31,33,34
31,34,33
31,34,35
31,34,36
31,34,37
31,35,34
31,36,34
31,37,34
31,38,22
31,39,13
31,40,12
31,40,41
31,41,40
31,41,42
31,41,43
31,42,41
31,43,41
31,43,44
31,43,48
31,44,43
31,44,45
31,45,44
31,45,46
31,46,45
31,46,47
31,47,46
31,47,48
31,48,43
31,48,47
31,49,10
31,49,50
31,50,9
31,50,49
31,51,10
31,51,52
31,52,51
31,52,53
31,52,54
31,53,52
31,54,52
31,55,7
31,56,6
31,57,3
31,0,0
31,1,1
31,2,2
31,3,3
31,4,4
31,5,5
31,6,6
31,7,7
31,8,8
31,9,9
31,10,10
31,11,11
31,12,12
31,13,13
31,14,14
31,15,15
31,16,16
31,17,17
31,18,18
31,19,19
31,20,20
31,21,21
31,22,22
31,23,23
31,24,24
31,25,25
31,26,26
31,27,27
31,28,28
31,29,29
31,30,30
31,31,31
31,32,32
31,33,33
31,34,34
31,35,35
31,36,36
31,37,37
31,38,38
31,39,39
31,40,40
31,41,41
31,42,42
31,43,43
31,44,44
31,45,45
31,46,46
31,47,47
31,48,48
31,49,49
31,50,50
31,51,51
31,52,52
31,53,53
31,54,54
31,55,55
31,56,56
31,57,57
32,0,1
32,1,0
32,1,2
32,1,6
32,2,1
32,2,3
32,2,38
32,3,2
32,3,4
32,3,37
32,4,3
32,4,5
32,5,4
32,5,6
32,5,7
32,6,1
32,6,5
32,7,5
32,7,8
32,8,7
32,8,9
32,8,13
32,9,8
32,9,10
32,10,9
32,10,11
32,10,32
32,10,36
32,11,10
32,11,12
32,12,11
32,12,13
32,12,17
32,13,8
32,13,12
32,13,14
32,14,13
32,14,15
32,14,31
32,15,14
32,15,16
32,15,23
32,16,15
32,16,17
32,16,19
32,17,12
32,17,16
32,17,18
32,18,17
32,19,16
32,19,20
32,19,21
32,20,19
32,21,19
32,21,22
32,21,28
32,22,21
32,22,23
32,22,25
32,23,15
32,23,22
32,23,24
32,24,23
32,25,22
32,25,26
32,25,29
32,26,25
32,26,27
32,27,26
32,27,28
32,28,21
32,28,27
32,29,25
32,29,30
32,30,29
32,31,14
32,32,10
32,32,33
32,32,34
32,33,32
32,34,32
32,34,35
32,35,34
32,36,10
32,37,3
32,38,2
32,0,0
32,1,1
32,2,2
32,3,3
32,4,4
32,5,5
32,6,6
32,7,7
32,8,8
32,9,9
32,10,10
32,11,11
32,12,12
32,13,13
32,14,14
32,15,15
32,16,16
32,17,17
32,18,18
32,19,19
32,20,20
32,21,21
32,22,22
32,23,23
32,24,24
32,25,25
32,26,26
32,27,27
32,28,28
32,29,29
32,30,30
32,31,31
32,32,32
32,33,33
32,34,34
32,35,35
32,36,36
32,37,37
32,38,38
33,0,1
33,1,0
33,1,2
33,2,1
33,2,3
33,3,2
33,3,4
33,4,3
33,4,5
33,5,4
33,5,6
33,5,10
33,6,5
33,6,7
33,6,24
33,7,6
33,7,8
33,8,7
33,8,9
33,8,14
33,9,8
33,9,10
33,9,11
33,10,5
33,10,9
33,11,9
33,11,12
33,11,15
33,12,11
33,12,13
33,13,12
33,13,14
33,14,8
33,14,13
33,15,11
33,15,16
33,16,15
33,16,17
33,16,21
33,17,16
33,17,18
33,18,17
33,18,19
33,19,18
33,19,20
33,20,19
33,20,21
33,20,22
33,21,16
33,21,20
33,22,20
33,22,23
33,23,22
33,24,6
33,24,25
33,25,24
33,25,26
33,26,25
33,26,27
33,27,26
33,27,28
33,28,27
33,0,0
33,1,1
33,2,2
33,3,3
33,4,4
33,5,5
33,6,6
33,7,7
33,8,8
33,9,9
33,10,10
33,11,11
33,12,12
33,13,13
33,14,14
33,15,15
33,16,16
33,17,17
33,18,18
33,19,19
33,20,20
33,21,21
33,22,22
33,23,23
33,24,24
33,25,25
33,26,26
33,27,27
33,28,28
34,0,1
34,1,0
34,1,2
34,1,6
34,2,1
34,2,3
34,3,2
34,3,4
34,4,3
34,4,5
34,4,10
34,5,4
34,5,6
34,5,7
34,6,1
34,6,5
34,7,5
34,7,8
34,7,41
34,8,7
34,8,9
34,8,40
34,9,8
34,9,10
34,9,11
34,10,4
34,10,9
34,11,9
34,11,12
34,12,11
34,12,13
34,12,25
34,13,12
34,13,14
34,13,18
34,14,13
34,14,15
34,15,14
34,15,16
34,16,15
34,16,17
34,16,18
34,17,16
34,18,13
34,18,16
34,18,19
34,19,18
34,19,20
34,19,29
34,20,19
34,20,21
34,20,25
34,21,20
34,21,22
34,22,21
34,22,23
34,22,28
34,23,22
34,23,24
34,23,26
34,24,23
34,24,25
34,25,12
34,25,20
34,25,24
34,26,23
34,26,27
34,27,26
34,27,28
34,28,22
34,28,27
34,29,19
34,29,30
34,29,34
34,30,29
34,30,31
34,31,30
34,31,32
34,31,38
34,32,31
34,32,33
34,32,37
34,33,32
34,33,34
34,33,35
34,34,29
34,34,33
34,35,33
34,35,36
34,36,35
34,37,32
34,38,31
34,38,39
34,39,38
34,40,8
34,41,7
34,0,0
34,1,1
34,2,2
34,3,3
34,4,4
34,5,5
34,6,6
34,7,7
34,8,8
34,9,9
34,10,10
34,11,11
34,12,12
34,13,13
34,14,14
34,15,15
34,16,16
34,17,17
34,18,18
34,19,19
34,20,20
34,21,21
34,22,22
34,23,23
34,24,24
34,25,25
34,26,26
34,27,27
34,28,28
34,29,29
34,30,30
34,31,31
34,32,32
34,33,33
34,34,34
34,35,35
34,36,36
34,37,37
34,38,38
34,39,39
34,40,40
34,41,41
35,0,1
35,1,0
35,1,2
35,1,6
35,1,9
35,2,1
35,2,3
35,3,2
35,3,4
35,4,3
35,4,5
35,4,20
35,5,4
35,5,6
35,5,11
35,6,1
35,6,5
35,6,7
35,7,6
35,7,8
35,8,7
35,8,9
35,9,1
35,9,8
35,9,10
35,10,9
35,11,5
35,11,12
35,12,11
35,12,13
35,12,14
35,13,12
35,14,12
35,14,15
35,14,20
35,15,14
35,15,16
35,16,15
35,16,17
35,16,18
35,17,16
35,18,16
35,18,19
35,19,18
35,19,20
35,20,4
35,20,14
35,20,19
35,20,21
35,21,20
35,0,0
35,1,1
35,2,2
35,3,3
35,4,4
35,5,5
35,6,6
35,7,7
35,8,8
35,9,9
35,10,10
35,11,11
35,12,12
35,13,13
35,14,14
35,15,15
35,16,16
35,17,17
35,18,18
35,19,19
35,20,20
35,21,21
36,0,1
36,0,5
36,1,0
36,1,2
36,2,1
36,2,3
36,2,29
36,3,2
36,3,4
36,4,3
36,4,5
36,5,0
36,5,4
36,5,6
36,6,5
36,6,7
36,6,10
36,7,6
36,7,8
36,7,18
36,8,7
36,8,9
36,8,10
36,9,8
36,10,6
36,10,8
36,10,11
36,11,10
36,11,12
36,11,16
36,12,11
36,12,13
36,13,12
36,13,14
36,14,13
36,14,15
36,14,17
36,15,14
36,15,16
36,16,11
36,16,15
36,17,14
36,18,7
36,18,19
36,19,18
36,19,20
36,20,19
36,20,21
36,20,28
36,21,20
36,21,22
36,21,26
36,22,21
36,22,23
36,23,22
36,23,24
36,24,23
36,24,25
36,24,27
36,25,24
36,25,26
36,26,21
36,26,25
36,27,24
36,28,20
36,29,2
36,0,0
36,1,1
36,2,2
36,3,3
36,4,4
36,5,5
36,6,6
36,7,7
36,8,8
36,9,9
36,10,10
36,11,11
36,12,12
36,13,13
36,14,14
36,15,15
36,16,16
36,17,17
36,18,18
36,19,19
36,20,20
36,21,21
36,22,22
36,23,23
36,24,24
36,25,25
36,26,26
36,27,27
36,28,28
36,29,29
37,0,1
37,0,4
37,1,0
37,1,2
37,1,9
37,2,1
37,2,3
37,3,2
37,3,4
37,3,5
37,4,0
37,4,3
37,5,3
37,5,6
37,6,5
37,6,7
37,6,8
37,7,6
37,8,6
37,9,1
37,9,10
37,10,9
37,10,11
37,11,10
37,11,12
37,12,11
37,12,13
37,13,12
37,13,14
37,13,19
37,14,13
37,14,15
37,15,14
37,15,16
37,15,17
37,15,18
37,16,15
37,17,15
37,18,15
37,19,13
37,0,0
37,1,1
37,2,2
37,3,3
37,4,4
37,5,5
37,6,6
37,7,7
37,8,8
37,9,9
37,10,10
37,11,11
37,12,12
37,13,13
37,14,14
37,15,15
37,16,16
37,17,17
37,18,18
37,19,19
38,0,1
38,1,0
38,1,2
38,2,1
38,2,3
38,3,2
38,3,4
38,3,5
38,4,3
38,5,3
38,5,6
38,5,10
38,6,5
38,6,7
38,6,24
38,7,6
38,7,8
38,8,7
38,8,9
38,8,23
38,9,8
38,9,10
38,9,19
38,10,5
38,10,9
38,10,11
38,11,10
38,11,12
38,11,16
38,12,11
38,12,13
38,12,18
38,13,12
38,13,14
38,13,17
38,14,13
38,14,15
38,15,14
38,15,16
38,16,11
38,16,15
38,17,13
38,18,12
38,19,9
38,19,20
38,19,21
38,20,19
38,21,19
38,21,22
38,22,21
38,23,8
38,24,6
38,0,0
38,1,1
38,2,2
38,3,3
38,4,4
38,5,5
38,6,6
38,7,7
38,8,8
38,9,9
38,10,10
38,11,11
38,12,12
38,13,13
38,14,14
38,15,15
38,16,16
38,17,17
38,18,18
38,19,19
38,20,20
38,21,21
38,22,22
38,23,23
38,24,24
39,0,1
39,1,0
39,1,2
39,1,3
39,2,1
39,3,1
39,3,4
39,4,3
39,4,5
39,4,6
39,5,4
39,6,4
39,6,7
39,6,8
39,6,9
39,7,6
39,8,6
39,9,6
39,9,10
39,10,9
39,10,11
39,10,15
39,11,10
39,11,12
39,12,11
39,12,13
39,13,12
39,13,14
39,13,16
39,14,13
39,14,15
39,15,10
39,15,14
39,16,13
39,16,17
39,16,18
39,17,16
39,18,16
39,18,19
39,18,23
39,19,18
39,19,20
39,20,19
39,20,21
39,21,20
39,21,22
39,21,24
39,22,21
39,22,23
39,23,18
39,23,22
39,24,21
39,0,0
39,1,1
39,2,2
39,3,3
39,4,4
39,5,5
39,6,6
39,7,7
39,8,8
39,9,9
39,10,10
39,11,11
39,12,12
39,13,13
39,14,14
39,15,15
39,16,16
39,17,17
39,18,18
39,19,19
39,20,20
39,21,21
39,22,22
39,23,23
39,24,24
40,0,1
40,1,0
40,1,2
40,1,6
40,1,9
40,2,1
40,2,3
40,3,2
40,3,4
40,4,3
40,4,5
40,4,20
40,5,4
40,5,6
40,5,17
40,6,1
40,6,5
40,6,7
40,7,6
40,7,8
40,8,7
40,8,9
40,9,1
40,9,8
40,9,10
40,10,9
40,10,11
40,10,12
40,11,10
40,12,10
40,12,13
40,13,12
40,13,14
40,13,15
40,13,16
40,14,13
40,15,13
40,16,13
40,17,5
40,17,18
40,18,17
40,18,19
40,19,18
40,19,20
40,19,25
40,20,4
40,20,19
40,20,21
40,20,26
40,21,20
40,21,22
40,22,21
40,22,23
40,23,22
40,23,24
40,23,25
40,24,23
40,25,19
40,25,23
40,26,20
40,0,0
40,1,1
40,2,2
40,3,3
40,4,4
40,5,5
40,6,6
40,7,7
40,8,8
40,9,9
40,10,10
40,11,11
40,12,12
40,13,13
40,14,14
40,15,15
40,16,16
40,17,17
40,18,18
40,19,19
40,20,20
40,21,21
40,22,22
40,23,23
40,24,24
40,25,25
40,26,26
41,0,1
41,0,5
41,1,0
41,1,2
41,2,1
41,2,3
41,2,8
41,3,2
41,3,4
41,3,7
41,4,3
41,4,5
41,5,0
41,5,4
41,5,6
41,6,5
41,7,3
41,8,2
41,8,9
41,8,15
41,8,21
41,9,8
41,9,10
41,10,9
41,10,11
41,10,14
41,11,10
41,11,12
41,12,11
41,12,13
41,13,12
41,13,14
41,14,10
41,14,13
41,15,8
41,15,16
41,16,15
41,16,17
41,16,20
41,17,16
41,17,18
41,18,17
41,18,19
41,19,18
41,19,20
41,20,16
41,20,19
41,21,8
41,0,0
41,1,1
41,2,2
41,3,3
41,4,4
41,5,5
41,6,6
41,7,7
41,8,8
41,9,9
41,10,10
41,11,11
41,12,12
41,13,13
41,14,14
41,15,15
41,16,16
41,17,17
41,18,18
41,19,19
41,20,20
41,21,21
42,0,1
42,0,8
42,1,0
42,1,2
42,2,1
42,2,3
42,2,7
42,3,2
42,3,4
42,3,19
42,4,3
42,4,5
42,5,4
42,5,6
42,5,18
42,6,5
42,6,7
42,7,2
42,7,6
42,7,8
42,8,0
42,8,7
42,8,9
42,9,8
42,9,10
42,9,13
42,10,9
42,10,11
42,10,17
42,11,10
42,11,12
42,11,16
42,12,11
42,12,13
42,12,14
42,13,9
42,13,12
42,14,12
42,14,15
42,15,14
42,16,11
42,17,10
42,18,5
42,19,3
42,0,0
42,1,1
42,2,2
42,3,3
42,4,4
42,5,5
42,6,6
42,7,7
42,8,8
42,9,9
42,10,10
42,11,11
42,12,12
42,13,13
42,14,14
42,15,15
42,16,16
42,17,17
42,18,18
42,19,19
43,0,1
43,1,0
43,1,2
43,1,6
43,1,9
43,2,1
43,2,3
43,3,2
43,3,4
43,4,3
43,4,5
43,4,14
43,5,4
43,5,6
43,5,11
43,6,1
43,6,5
43,6,7
43,7,6
43,7,8
43,8,7
43,8,9
43,9,1
43,9,8
43,9,10
43,10,9
43,11,5
43,11,12
43,11,20
43,12,11
43,12,13
43,13,12
43,13,14
43,13,18
43,14,4
43,14,13
43,14,15
43,15,14
43,15,16
43,16,15
43,16,17
43,17,16
43,17,18
43,17,19
43,18,13
43,18,17
43,19,17
43,20,11
43,20,21
43,21,20
43,21,22
43,22,21
43,22,23
43,23,22
43,23,24
43,24,23
43,24,25
43,25,24
43,25,26
43,26,25
43,26,27
43,27,26
43,27,28
43,28,27
43,28,29
43,29,28
43,29,30
43,29,31
43,30,29
43,31,29
43,31,32
43,32,31
43,32,33
43,33,32
43,33,34
43,34,33
43,34,35
43,34,39
43,34,40
43,35,34
43,35,36
43,35,37
43,35,38
43,36,35
43,37,35
43,38,35
43,39,34
43,40,34
43,0,0
43,1,1
43,2,2
43,3,3
43,4,4
43,5,5
43,6,6
43,7,7
43,8,8
43,9,9
43,10,10
43,11,11
43,12,12
43,13,13
43,14,14
43,15,15
43,16,16
43,17,17
43,18,18
43,19,19
43,20,20
43,21,21
43,22,22
43,23,23
43,24,24
43,25,25
43,26,26
43,27,27
43,28,28
43,29,29
43,30,30
43,31,31
43,32,32
43,33,33
43,34,34
43,35,35
43,36,36
43,37,37
43,38,38
43,39,39
43,40,40
44,0,1
44,0,4
44,1,0
44,1,2
44,2,1
44,2,3
44,3,2
44,3,4
44,3,5
44,4,0
44,4,3
44,5,3
44,5,6
44,6,5
44,6,7
44,7,6
44,7,8
44,7,12
44,8,7
44,8,9
44,9,8
44,9,10
44,9,20
44,10,9
44,10,11
44,10,16
44,11,10
44,11,12
44,12,7
44,12,11
44,12,13
44,13,12
44,13,14
44,13,15
44,14,13
44,15,13
44,16,10
44,16,17
44,16,18
44,16,19
44,17,16
44,18,16
44,19,16
44,20,9
44,0,0
44,1,1
44,2,2
44,3,3
44,4,4
44,5,5
44,6,6
44,7,7
44,8,8
44,9,9
44,10,10
44,11,11
44,12,12
44,13,13
44,14,14
44,15,15
44,16,16
44,17,17
44,18,18
44,19,19
44,20,20
45,0,1
45,1,0
45,1,2
45,2,1
45,2,3
45,2,7
45,3,2
45,3,4
45,3,21
45,4,3
45,4,5
45,5,4
45,5,6
45,5,11
45,6,5
45,6,7
45,6,8
45,7,2
45,7,6
45,8,6
45,8,9
45,9,8
45,9,10
45,10,9
45,10,11
45,11,5
45,11,10
45,11,12
45,12,11
45,12,13
45,13,12
45,13,14
45,13,18
45,14,13
45,14,15
45,15,14
45,15,16
45,15,20
45,16,15
45,16,17
45,16,19
45,17,16
45,17,18
45,18,13
45,18,17
45,19,16
45,20,15
45,21,3
45,21,22
45,22,21
45,22,23
45,23,22
45,23,24
45,24,23
45,24,25
45,25,24
45,25,26
45,25,30
45,26,25
45,26,27
45,27,26
45,27,28
45,28,27
45,28,29
45,29,28
45,29,30
45,30,25
45,30,29
45,0,0
45,1,1
45,2,2
45,3,3
45,4,4
45,5,5
45,6,6
45,7,7
45,8,8
45,9,9
45,10,10
45,11,11
45,12,12
45,13,13
45,14,14
45,15,15
45,16,16
45,17,17
45,18,18
45,19,19
45,20,20
45,21,21
45,22,22
45,23,23
45,24,24
45,25,25
45,26,26
45,27,27
45,28,28
45,29,29
45,30,30
46,0,1
46,0,6
46,1,0
46,1,2
46,2,1
46,2,3
46,2,8
46,3,2
46,3,4
46,3,5
46,4,3
46,5,3
46,5,6
46,6,0
46,6,5
46,6,7
46,7,6
46,8,2
46,8,9
46,8,12
46,9,8
46,9,10
46,9,16
46,9,17
46,10,9
46,10,11
46,10,15
46,11,10
46,11,12
46,11,13
46,12,8
46,12,11
46,13,11
46,13,14
46,14,13
46,15,10
46,16,9
46,17,9
46,0,0
46,1,1
46,2,2
46,3,3
46,4,4
46,5,5
46,6,6
46,7,7
46,8,8
46,9,9
46,10,10
46,11,11
46,12,12
46,13,13
46,14,14
46,15,15
46,16,16
46,17,17
47,0,1
47,0,11
47,1,0
47,1,2
47,2,1
47,2,3
47,2,7
47,3,2
47,3,4
47,4,3
47,4,5
47,4,16
47,5,4
47,5,6
47,5,12
47,6,5
47,6,7
47,7,2
47,7,6
47,7,8
47,8,7
47,8,9
47,8,10
47,8,11
47,9,8
47,10,8
47,11,0
47,11,8
47,12,5
47,12,13
47,12,14
47,12,15
47,13,12
47,14,12
47,15,12
47,16,4
47,0,0
47,1,1
47,2,2
47,3,3
47,4,4
47,5,5
47,6,6
47,7,7
47,8,8
47,9,9
47,10,10
47,11,11
47,12,12
47,13,13
47,14,14
47,15,15
47,16,16
48,0,1
48,0,2
48,0,3
48,1,0
48,2,0
48,3,0
48,3,4
48,4,3
48,0,0
48,1,1
48,2,2
48,3,3
48,4,4
49,0,1
49,1,0
49,1,2
49,1,3
49,2,1
49,3,1
49,3,4
49,4,3
49,4,5
49,4,9
49,5,4
49,5,6
49,6,5
49,6,7
49,7,6
49,7,8
49,7,10
49,8,7
49,8,9
49,9,4
49,9,8
49,10,7
49,10,11
49,10,12
49,11,10
49,12,10
49,12,13
49,12,14
49,13,12
49,14,12
49,0,0
49,1,1
49,2,2
49,3,3
49,4,4
49,5,5
49,6,6
49,7,7
49,8,8
49,9,9
49,10,10
49,11,11
49,12,12
49,13,13
49,14,14
50,0,1
50,0,6
50,1,0
50,1,2
50,2,1
50,2,3
50,2,11
50,3,2
50,3,4
50,3,5
50,3,7
50,4,3
50,5,3
50,5,6
50,6,0
50,6,5
50,7,3
50,7,8
50,8,7
50,8,9
50,9,8
50,9,10
50,10,9
50,11,2
50,11,12
50,12,11
50,12,13
50,13,12
50,0,0
50,1,1
50,2,2
50,3,3
50,4,4
50,5,5
50,6,6
50,7,7
50,8,8
50,9,9
50,10,10
50,11,11
50,12,12
50,13,13
51,0,1
51,1,0
51,1,2
51,1,6
51,2,1
51,2,3
51,2,24
51,3,2
51,3,4
51,4,3
51,4,5
51,4,7
51,5,4
51,5,6
51,6,1
51,6,5
51,7,4
51,7,8
51,8,7
51,8,9
51,8,10
51,9,8
51,10,8
51,10,11
51,10,15
51,11,10
51,11,12
51,12,11
51,12,13
51,13,12
51,13,14
51,13,16
51,14,13
51,14,15
51,15,10
51,15,14
51,16,13
51,16,17
51,17,16
51,17,18
51,17,22
51,18,17
51,18,19
51,19,18
51,19,20
51,20,19
51,20,21
51,20,23
51,21,20
51,21,22
51,22,17
51,22,21
51,23,20
51,24,2
51,24,25
51,25,24
51,25,26
51,25,30
51,26,25
51,26,27
51,27,26
51,27,28
51,28,27
51,28,29
51,29,28
51,29,30
51,29,31
51,30,25
51,30,29
51,31,29
51,31,32
51,31,36
51,32,31
51,32,33
51,33,32
51,33,34
51,34,33
51,34,35
51,35,34
51,35,36
51,36,31
51,36,35
51,0,0
51,1,1
51,2,2
51,3,3
51,4,4
51,5,5
51,6,6
51,7,7
51,8,8
51,9,9
51,10,10
51,11,11
51,12,12
51,13,13
51,14,14
51,15,15
51,16,16
51,17,17
51,18,18
51,19,19
51,20,20
51,21,21
51,22,22
51,23,23
51,24,24
51,25,25
51,26,26
51,27,27
51,28,28
51,29,29
51,30,30
51,31,31
51,32,32
51,33,33
51,34,34
51,35,35
51,36,36
52,0,1
52,1,0
52,1,2
52,1,3
52,2,1
52,3,1
52,3,4
52,4,3
52,4,5
52,4,8
52,5,4
52,5,6
52,6,5
52,6,7
52,7,6
52,7,8
52,7,16
52,8,4
52,8,7
52,8,9
52,9,8
52,9,10
52,9,14
52,10,9
52,10,11
52,11,10
52,11,12
52,12,11
52,12,13
52,13,12
52,13,14
52,14,9
52,14,13
52,14,15
52,15,14
52,15,16
52,16,7
52,16,15
52,16,17
52,17,16
52,0,0
52,1,1
52,2,2
52,3,3
52,4,4
52,5,5
52,6,6
52,7,7
52,8,8
52,9,9
52,10,10
52,11,11
52,12,12
52,13,13
52,14,14
52,15,15
52,16,16
52,17,17
53,0,1
53,1,0
53,1,2
53,1,9
53,2,1
53,2,3
53,3,2
53,3,4
53,3,8
53,4,3
53,4,5
53,5,4
53,5,6
53,6,5
53,6,7
53,7,6
53,7,8
53,8,3
53,8,7
53,8,9
53,9,1
53,9,8
53,9,10
53,10,9
53,10,11
53,11,10
53,11,12
53,11,13
53,12,11
53,13,11
53,13,14
53,13,18
53,14,13
53,14,15
53,15,14
53,15,16
53,15,20
53,16,15
53,16,17
53,16,19
53,17,16
53,17,18
53,18,13
53,18,17
53,19,16
53,20,15
53,20,21
53,20,22
53,20,23
53,21,20
53,22,20
53,23,20
53,0,0
53,1,1
53,2,2
53,3,3
53,4,4
53,5,5
53,6,6
53,7,7
53,8,8
53,9,9
53,10,10
53,11,11
53,12,12
53,13,13
53,14,14
53,15,15
53,16,16
53,17,17
53,18,18
53,19,19
53,20,20
53,21,21
53,22,22
53,23,23
54,0,1
54,1,0
54,1,2
54,1,3
54,2,1
54,3,1
54,3,4
54,3,7
54,3,23
54,4,3
54,4,5
54,4,10
54,5,4
54,5,6
54,6,5
54,6,7
54,7,3
54,7,6
54,7,8
54,8,7
54,8,9
54,9,8
54,9,10
54,9,11
54,10,4
54,10,9
54,11,9
54,11,12
54,12,11
54,12,13
54,12,14
54,13,12
54,14,12
54,14,15
54,14,17
54,15,14
54,15,16
54,16,15
54,17,14
54,17,18
54,17,22
54,18,17
54,18,19
54,19,18
54,19,20
54,20,19
54,20,21
54,21,20
54,21,22
54,22,17
54,22,21
54,23,3
54,0,0
54,1,1
54,2,2
54,3,3
54,4,4
54,5,5
54,6,6
54,7,7
54,8,8
54,9,9
54,10,10
54,11,11
54,12,12
54,13,13
54,14,14
54,15,15
54,16,16
54,17,17
54,18,18
54,19,19
54,20,20
54,21,21
54,22,22
54,23,23
54,24,24
55,0,1
55,1,0
55,1,2
55,2,1
55,2,3
55,2,23
55,3,2
55,3,4
55,3,20
55,4,3
55,4,5
55,5,4
55,5,6
55,5,10
55,6,5
55,6,7
55,6,20
55,7,6
55,7,8
55,8,7
55,8,9
55,8,16
55,9,8
55,9,10
55,9,12
55,10,5
55,10,9
55,10,11
55,11,10
55,12,9
55,12,13
55,13,12
55,13,14
55,14,13
55,14,15
55,14,16
55,15,14
55,16,8
55,16,14
55,16,17
55,16,19
55,17,16
55,17,18
55,18,17
55,19,16
55,20,3
55,20,6
55,20,21
55,21,20
55,21,22
55,22,21
55,22,23
55,22,27
55,23,2
55,23,22
55,23,24
55,24,23
55,24,25
55,25,24
55,25,26
55,25,28
55,26,25
55,26,27
55,27,22
55,27,26
55,28,25
55,28,29
55,29,28
55,29,30
55,29,31
55,30,29
55,31,29
55,31,32
55,31,36
55,32,31
55,32,33
55,33,32
55,33,34
55,34,33
55,34,35
55,34,37
55,35,34
55,35,36
55,36,31
55,36,35
55,37,34
55,37,38
55,37,42
55,38,37
55,38,39
55,39,38
55,39,40
55,40,39
55,40,41
55,41,40
55,41,42
55,42,37
55,42,41
55,0,0
55,1,1
55,2,2
55,3,3
55,4,4
55,5,5
55,6,6
55,7,7
55,8,8
55,9,9
55,10,10
55,11,11
55,12,12
55,13,13
55,14,14
55,15,15
55,16,16
55,17,17
55,18,18
55,19,19
55,20,20
55,21,21
55,22,22
55,23,23
55,24,24
55,25,25
55,26,26
55,27,27
55,28,28
55,29,29
55,30,30
55,31,31
55,32,32
55,33,33
55,34,34
55,35,35
55,36,36
55,37,37
55,38,38
55,39,39
55,40,40
55,41,41
55,42,42
56,0,1
56,0,5
56,1,0
56,1,2
56,2,1
56,2,3
56,2,8
56,3,2
56,3,4
56,3,7
56,4,3
56,4,5
56,4,6
56,5,0
56,5,4
56,6,4
56,7,3
56,8,2
56,8,9
56,8,13
56,9,8
56,9,10
56,9,15
56,10,9
56,10,11
56,11,10
56,11,12
56,11,14
56,12,11
56,12,13
56,13,8
56,13,12
56,14,11
56,15,9
56,0,0
56,1,1
56,2,2
56,3,3
56,4,4
56,5,5
56,6,6
56,7,7
56,8,8
56,9,9
56,10,10
56,11,11
56,12,12
56,13,13
56,14,14
56,15,15
57,0,1
57,1,0
57,1,2
57,1,6
57,2,1
57,2,3
57,2,19
57,3,2
57,3,4
57,4,3
57,4,5
57,5,4
57,5,6
57,6,1
57,6,5
57,6,7
57,7,6
57,7,8
57,8,7
57,8,9
57,8,10
57,9,8
57,10,8
57,10,11
57,10,18
57,11,10
57,11,12
57,12,11
57,12,13
57,12,17
57,13,12
57,13,14
57,14,13
57,14,15
57,15,14
57,15,16
57,16,15
57,16,17
57,17,12
57,17,16
57,17,18
57,18,10
57,18,17
57,19,2
57,19,20
57,20,19
57,20,21
57,21,20
57,21,22
57,21,23
57,21,24
57,22,21
57,23,21
57,24,21
57,0,0
57,1,1
57,2,2
57,3,3
57,4,4
57,5,5
57,6,6
57,7,7
57,8,8
57,9,9
57,10,10
57,11,11
57,12,12
57,13,13
57,14,14
57,15,15
57,16,16
57,17,17
57,18,18
57,19,19
57,20,20
57,21,21
57,22,22
57,23,23
57,24,24
58,0,1
58,0,7
58,1,0
58,1,2
58,2,1
58,2,3
58,2,4
58,3,2
58,4,2
58,4,5
58,5,4
58,5,6
58,5,7
58,6,5
58,7,0
58,7,5
58,7,8
58,8,7
58,8,9
58,8,12
58,9,8
58,9,10
58,10,9
58,10,11
58,10,17
58,11,10
58,11,12
58,11,14
58,12,8
58,12,11
58,12,13
58,13,12
58,14,11
58,14,15
58,15,14
58,15,16
58,16,15
58,16,17
58,17,10
58,17,16
58,17,18
58,18,17
58,0,0
58,1,1
58,2,2
58,3,3
58,4,4
58,5,5
58,6,6
58,7,7
58,8,8
58,9,9
58,10,10
58,11,11
58,12,12
58,13,13
58,14,14
58,15,15
58,16,16
58,17,17
58,18,18
59,0,1
59,0,5
59,1,0
59,1,2
59,2,1
59,2,3
59,2,8
59,3,2
59,3,4
59,4,3
59,4,5
59,5,0
59,5,4
59,5,6
59,6,5
59,6,7
59,7,6
59,8,2
59,8,9
59,8,17
59,9,8
59,9,10
59,9,14
59,10,9
59,10,11
59,11,10
59,11,12
59,12,11
59,12,13
59,12,15
59,13,12
59,13,14
59,14,9
59,14,13
59,15,12
59,15,16
59,16,15
59,17,8
59,17,18
59,17,21
59,18,17
59,18,19
59,19,18
59,19,20
59,20,19
59,20,21
59,21,17
59,21,20
59,0,0
59,1,1
59,2,2
59,3,3
59,4,4
59,5,5
59,6,6
59,7,7
59,8,8
59,9,9
59,10,10
59,11,11
59,12,12
59,13,13
59,14,14
59,15,15
59,16,16
59,17,17
59,18,18
59,19,19
59,20,20
59,21,21
60,0,1
60,1,0
60,1,2
60,2,1
60,2,3
60,2,6
60,3,2
60,3,4
60,3,5
60,4,3
60,5,3
60,6,2
60,6,7
60,6,10
60,7,6
60,7,8
60,8,7
60,8,9
60,9,8
60,9,10
60,10,6
60,10,9
60,10,11
60,11,10
60,0,0
60,1,1
60,2,2
60,3,3
60,4,4
60,5,5
60,6,6
60,7,7
60,8,8
60,9,9
60,10,10
60,11,11
61,0,1
61,1,0
61,1,2
61,2,1
61,2,3
61,2,4
61,3,2
61,4,2
61,4,5
61,4,6
61,5,4
61,6,4
61,6,7
61,7,6
61,7,8
61,7,12
61,8,7
61,8,9
61,9,8
61,9,10
61,9,28
61,10,9
61,10,11
61,11,10
61,11,12
61,11,16
61,12,7
61,12,11
61,12,13
61,13,12
61,13,14
61,13,18
61,14,13
61,14,15
61,14,17
61,15,14
61,15,16
61,16,11
61,16,15
61,17,14
61,18,13
61,18,19
61,19,18
61,19,20
61,20,19
61,20,21
61,20,26
61,21,20
61,21,22
61,22,21
61,22,23
61,22,27
61,23,22
61,23,24
61,24,23
61,24,25
61,24,26
61,25,24
61,26,20
61,26,24
61,27,22
61,28,9
61,0,0
61,1,1
61,2,2
61,3,3
61,4,4
61,5,5
61,6,6
61,7,7
61,8,8
61,9,9
61,10,10
61,11,11
61,12,12
61,13,13
61,14,14
61,15,15
61,16,16
61,17,17
61,18,18
61,19,19
61,20,20
61,21,21
61,22,22
61,23,23
61,24,24
61,25,25
61,26,26
61,27,27
61,28,28
62,0,1
62,1,0
62,1,2
62,1,5
62,2,1
62,2,3
62,3,2
62,3,4
62,4,3
62,4,5
62,4,6
62,5,1
62,5,4
62,6,4
62,6,7
62,7,6
62,7,8
62,7,9
62,8,7
62,9,7
62,9,10
62,9,20
62,10,9
62,10,11
62,10,22
62,11,10
62,11,12
62,11,16
62,12,11
62,12,13
62,13,12
62,13,14
62,14,13
62,14,15
62,15,14
62,15,16
62,16,11
62,16,15
62,16,17
62,17,16
62,17,18
62,17,19
62,17,20
62,18,17
62,19,17
62,20,9
62,20,17
62,20,21
62,21,20
62,22,10
62,0,0
62,1,1
62,2,2
62,3,3
62,4,4
62,5,5
62,6,6
62,7,7
62,8,8
62,9,9
62,10,10
62,11,11
62,12,12
62,13,13
62,14,14
62,15,15
62,16,16
62,17,17
62,18,18
62,19,19
62,20,20
62,21,21
62,22,22
63,0,1
63,1,0
63,1,2
63,1,3
63,2,1
63,3,1
63,3,4
63,3,5
63,4,3
63,5,3
63,5,6
63,6,5
63,6,7
63,6,8
63,7,6
63,8,6
63,0,0
63,1,1
63,2,2
63,3,3
63,4,4
63,5,5
63,6,6
63,7,7
63,8,8
64,0,1
64,1,0
64,1,2
64,1,15
64,2,1
64,2,3
64,3,2
64,3,4
64,3,8
64,4,3
64,4,5
64,5,4
64,5,6
64,6,5
64,6,7
64,6,12
64,7,6
64,7,8
64,7,9
64,8,3
64,8,7
64,9,7
64,9,10
64,9,14
64,10,9
64,10,11
64,11,10
64,11,12
64,11,13
64,12,6
64,12,11
64,13,11
64,14,9
64,15,1
64,15,16
64,15,20
64,16,15
64,16,17
64,17,16
64,17,18
64,18,17
64,18,19
64,18,21
64,19,18
64,19,20
64,20,15
64,20,19
64,21,18
64,21,22
64,21,23
64,22,21
64,23,21
64,23,24
64,24,23
64,24,25
64,24,30
64,25,24
64,25,26
64,26,25
64,26,27
64,27,26
64,27,28
64,27,29
64,28,27
64,29,27
64,30,24
64,30,31
64,30,32
64,31,30
64,32,30
64,0,0
64,1,1
64,2,2
64,3,3
64,4,4
64,5,5
64,6,6
64,7,7
64,8,8
64,9,9
64,10,10
64,11,11
64,12,12
64,13,13
64,14,14
64,15,15
64,16,16
64,17,17
64,18,18
64,19,19
64,20,20
64,21,21
64,22,22
64,23,23
64,24,24
64,25,25
64,26,26
64,27,27
64,28,28
64,29,29
64,30,30
64,31,31
64,32,32
65,0,1
65,1,0
65,1,2
65,1,13
65,2,1
65,2,3
65,3,2
65,3,4
65,3,11
65,4,3
65,4,5
65,4,8
65,5,4
65,5,6
65,6,5
65,6,7
65,7,6
65,7,8
65,7,22
65,7,26
65,8,4
65,8,7
65,8,9
65,8,21
65,9,8
65,9,10
65,10,9
65,10,11
65,10,20
65,11,3
65,11,10
65,11,12
65,12,11
65,12,13
65,12,18
65,12,19
65,13,1
65,13,12
65,13,14
65,14,13
65,14,15
65,15,14
65,15,16
65,15,17
65,16,15
65,17,15
65,17,18
65,18,12
65,18,17
65,19,12
65,20,10
65,21,8
65,22,7
65,22,23
65,22,24
65,23,22
65,24,22
65,24,25
65,25,24
65,26,7
65,0,0
65,1,1
65,2,2
65,3,3
65,4,4
65,5,5
65,6,6
65,7,7
65,8,8
65,9,9
65,10,10
65,11,11
65,12,12
65,13,13
65,14,14
65,15,15
65,16,16
65,17,17
65,18,18
65,19,19
65,20,20
65,21,21
65,22,22
65,23,23
65,24,24
65,25,25
65,26,26
66,0,1
66,1,0
66,1,2
66,1,5
66,2,1
66,2,3
66,3,2
66,3,4
66,4,3
66,4,5
66,4,9
66,5,1
66,5,4
66,5,6
66,6,5
66,6,7
66,7,6
66,7,8
66,8,7
66,9,4
66,9,10
66,9,11
66,10,9
66,11,9
66,0,0
66,1,1
66,2,2
66,3,3
66,4,4
66,5,5
66,6,6
66,7,7
66,8,8
66,9,9
66,10,10
66,11,11
67,0,1
67,1,0
67,1,2
67,1,6
67,2,1
67,2,3
67,3,2
67,3,4
67,4,3
67,4,5
67,4,15
67,5,4
67,5,6
67,5,7
67,6,1
67,6,5
67,7,5
67,7,8
67,7,12
67,8,7
67,8,9
67,9,8
67,9,10
67,10,9
67,10,11
67,11,10
67,11,12
67,12,7
67,12,11
67,12,13
67,13,12
67,13,14
67,14,13
67,14,15
67,14,19
67,15,4
67,15,14
67,15,16
67,16,15
67,16,17
67,17,16
67,17,18
67,18,17
67,18,19
67,19,14
67,19,18
67,0,0
67,1,1
67,2,2
67,3,3
67,4,4
67,5,5
67,6,6
67,7,7
67,8,8
67,9,9
67,10,10
67,11,11
67,12,12
67,13,13
67,14,14
67,15,15
67,16,16
67,17,17
67,18,18
67,19,19
68,0,1
68,1,0
68,1,2
68,1,7
68,2,1
68,2,3
68,2,23
68,3,2
68,3,4
68,3,5
68,4,3
68,5,3
68,5,6
68,5,14
68,6,5
68,6,7
68,6,9
68,7,1
68,7,6
68,7,8
68,8,7
68,9,6
68,9,10
68,9,13
68,10,9
68,10,11
68,11,10
68,11,12
68,11,22
68,12,11
68,12,13
68,12,22
68,13,9
68,13,12
68,13,14
68,13,20
68,14,5
68,14,13
68,14,15
68,15,14
68,15,16
68,16,15
68,16,17
68,17,16
68,17,18
68,17,19
68,18,17
68,19,17
68,20,13
68,20,21
68,21,20
68,22,11
68,22,12
68,23,2
68,0,0
68,1,1
68,2,2
68,3,3
68,4,4
68,5,5
68,6,6
68,7,7
68,8,8
68,9,9
68,10,10
68,11,11
68,12,12
68,13,13
68,14,14
68,15,15
68,16,16
68,17,17
68,18,18
68,19,19
68,20,20
68,21,21
68,22,22
68,23,23
69,0,1
69,0,5
69,1,0
69,1,2
69,2,1
69,2,3
69,2,25
69,3,2
69,3,4
69,3,21
69,4,3
69,4,5
69,4,13
69,5,0
69,5,4
69,5,6
69,6,5
69,6,7
69,7,6
69,7,8
69,8,7
69,8,9
69,9,8
69,9,10
69,10,9
69,10,11
69,11,10
69,11,12
69,12,11
69,13,4
69,13,14
69,13,15
69,14,13
69,15,13
69,15,16
69,15,20
69,16,15
69,16,17
69,16,24
69,17,16
69,17,18
69,18,17
69,18,19
69,19,18
69,19,20
69,19,23
69,20,15
69,20,19
69,20,21
69,21,3
69,21,20
69,21,22
69,22,21
69,23,19
69,24,16
69,25,2
69,25,26
69,26,25
69,26,27
69,27,26
69,27,28
69,28,27
69,28,29
69,29,28
69,29,30
69,30,29
69,30,31
69,31,30
69,0,0
69,1,1
69,2,2
69,3,3
69,4,4
69,5,5
69,6,6
69,7,7
69,8,8
69,9,9
69,10,10
69,11,11
69,12,12
69,13,13
69,14,14
69,15,15
69,16,16
69,17,17
69,18,18
69,19,19
69,20,20
69,21,21
69,22,22
69,23,23
69,24,24
69,25,25
69,26,26
69,27,27
69,28,28
69,29,29
69,30,30
69,31,31
70,0,1
70,1,0
70,1,2
70,1,14
70,2,1
70,2,3
70,2,7
70,3,2
70,3,4
70,4,3
70,4,5
70,4,11
70,5,4
70,5,6
70,5,8
70,6,5
70,6,7
70,7,2
70,7,6
70,8,5
70,8,9
70,9,8
70,9,10
70,9,12
70,10,9
70,10,11
70,11,4
70,11,10
70,12,9
70,12,13
70,13,12
70,14,1
70,14,15
70,14,16
70,15,14
70,16,14
70,0,0
70,1,1
70,2,2
70,3,3
70,4,4
70,5,5
70,6,6
70,7,7
70,8,8
70,9,9
70,10,10
70,11,11
70,12,12
70,13,13
70,14,14
70,15,15
70,16,16
71,0,1
71,1,0
71,1,2
71,1,6
71,2,1
71,2,3
71,2,21
71,3,2
71,3,4
71,3,12
71,4,3
71,4,5
71,4,8
71,5,4
71,5,6
71,5,7
71,6,1
71,6,5
71,7,5
71,8,4
71,8,9
71,8,10
71,9,8
71,10,8
71,10,11
71,11,10
71,12,3
71,12,13
71,12,17
71,13,12
71,13,14
71,14,13
71,14,15
71,15,14
71,15,16
71,16,15
71,16,17
71,17,12
71,17,16
71,17,18
71,18,17
71,18,19
71,18,20
71,19,18
71,20,18
71,21,2
71,21,22
71,21,23
71,22,21
71,23,21
71,23,24
71,24,23
71,0,0
71,1,1
71,2,2
71,3,3
71,4,4
71,5,5
71,6,6
71,7,7
71,8,8
71,9,9
71,10,10
71,11,11
71,12,12
71,13,13
71,14,14
71,15,15
71,16,16
71,17,17
71,18,18
71,19,19
71,20,20
71,21,21
71,22,22
71,23,23
71,24,24
72,0,1
72,1,0
72,1,2
72,1,6
72,2,1
72,2,3
72,2,64
72,3,2
72,3,4
72,3,63
72,4,3
72,4,5
72,4,62
72,5,4
72,5,6
72,5,7
72,6,1
72,6,5
72,7,5
72,7,8
72,8,7
72,8,9
72,8,47
72,9,8
72,9,10
72,10,9
72,10,11
72,10,15
72,11,10
72,11,12
72,11,59
72,12,11
72,12,13
72,12,58
72,13,12
72,13,14
72,14,13
72,14,15
72,14,16
72,14,57
72,15,10
72,15,14
72,16,14
72,16,17
72,17,16
72,17,18
72,17,56
72,18,17
72,18,19
72,18,55
72,19,18
72,19,20
72,20,19
72,20,21
72,21,20
72,21,22
72,21,54
72,22,21
72,22,23
72,23,22
72,23,24
72,23,53
72,24,23
72,24,25
72,25,24
72,25,26
72,25,52
72,26,25
72,26,27
72,27,26
72,27,28
72,27,29
72,28,27
72,29,27
72,29,30
72,30,29
72,30,31
72,30,51
72,31,30
72,31,32
72,31,50
72,32,31
72,32,33
72,32,49
72,33,32
72,33,34
72,33,48
72,34,33
72,34,35
72,35,34
72,35,36
72,36,35
72,36,37
72,37,36
72,37,38
72,38,37
72,38,39
72,39,38
72,39,40
72,40,39
72,40,41
72,41,40
72,41,42
72,42,41
72,42,43
72,43,42
72,43,44
72,44,43
72,44,45
72,45,44
72,45,46
72,46,45
72,46,47
72,47,8
72,47,46
72,48,33
72,49,32
72,50,31
72,51,30
72,52,25
72,53,23
72,54,21
72,55,18
72,56,17
72,57,14
72,58,12
72,59,11
72,59,60
72,59,61
72,60,59
72,61,59
72,62,4
72,63,3
72,64,2
72,0,0
72,1,1
72,2,2
72,3,3
72,4,4
72,5,5
72,6,6
72,7,7
72,8,8
72,9,9
72,10,10
72,11,11
72,12,12
72,13,13
72,14,14
72,15,15
72,16,16
72,17,17
72,18,18
72,19,19
72,20,20
72,21,21
72,22,22
72,23,23
72,24,24
72,25,25
72,26,26
72,27,27
72,28,28
72,29,29
72,30,30
72,31,31
72,32,32
72,33,33
72,34,34
72,35,35
72,36,36
72,37,37
72,38,38
72,39,39
72,40,40
72,41,41
72,42,42
72,43,43
72,44,44
72,45,45
72,46,46
72,47,47
72,48,48
72,49,49
72,50,50
72,51,51
72,52,52
72,53,53
72,54,54
72,55,55
72,56,56
72,57,57
72,58,58
72,59,59
72,60,60
72,61,61
72,62,62
72,63,63
72,64,64
73,0,1
73,1,0
73,1,2
73,1,5
73,2,1
73,2,3
73,3,2
73,3,4
73,3,14
73,4,3
73,4,5
73,4,6
73,5,1
73,5,4
73,6,4
73,6,7
73,7,6
73,7,8
73,7,12
73,8,7
73,8,9
73,9,8
73,9,10
73,10,9
73,10,11
73,11,10
73,11,12
73,12,7
73,12,11
73,12,13
73,13,12
73,13,14
73,14,3
73,14,13
73,14,15
73,15,14
73,15,16
73,15,20
73,16,15
73,16,17
73,17,16
73,17,18
73,18,17
73,18,19
73,18,21
73,19,18
73,19,20
73,20,15
73,20,19
73,21,18
73,0,0
73,1,1
73,2,2
73,3,3
73,4,4
73,5,5
73,6,6
73,7,7
73,8,8
73,9,9
73,10,10
73,11,11
73,12,12
73,13,13
73,14,14
73,15,15
73,16,16
73,17,17
73,18,18
73,19,19
73,20,20
73,21,21
74,0,1
74,1,0
74,1,2
74,1,6
74,2,1
74,2,3
74,3,2
74,3,4
74,4,3
74,4,5
74,4,10
74,5,4
74,5,6
74,5,9
74,6,1
74,6,5
74,6,7
74,7,6
74,7,8
74,8,7
74,9,5
74,10,4
74,10,11
74,11,10
74,11,12
74,11,13
74,12,11
74,13,11
74,13,14
74,13,17
74,14,13
74,14,15
74,15,14
74,15,16
74,15,21
74,16,15
74,16,17
74,16,18
74,17,13
74,17,16
74,18,16
74,18,19
74,19,18
74,19,20
74,19,22
74,20,19
74,20,21
74,21,15
74,21,20
74,22,19
74,22,23
74,23,22
74,0,0
74,1,1
74,2,2
74,3,3
74,4,4
74,5,5
74,6,6
74,7,7
74,8,8
74,9,9
74,10,10
74,11,11
74,12,12
74,13,13
74,14,14
74,15,15
74,16,16
74,17,17
74,18,18
74,19,19
74,20,20
74,21,21
74,22,22
74,23,23
75,0,1
75,0,14
75,1,0
75,1,2
75,1,6
75,2,1
75,2,3
75,3,2
75,3,4
75,4,3
75,4,5
75,5,4
75,5,6
75,6,1
75,6,5
75,6,7
75,7,6
75,7,8
75,7,16
75,8,7
75,8,9
75,8,13
75,9,8
75,9,10
75,10,9
75,10,11
75,11,10
75,11,12
75,12,11
75,12,13
75,13,8
75,13,12
75,13,14
75,14,0
75,14,13
75,14,15
75,15,14
75,16,7
75,16,17
75,16,18
75,17,16
75,18,16
75,0,0
75,1,1
75,2,2
75,3,3
75,4,4
75,5,5
75,6,6
75,7,7
75,8,8
75,9,9
75,10,10
75,11,11
75,12,12
75,13,13
75,14,14
75,15,15
75,16,16
75,17,17
75,18,18
76,0,1
76,1,0
76,1,2
76,1,18
76,2,1
76,2,3
76,2,14
76,3,2
76,3,4
76,3,58
76,4,3
76,4,5
76,4,6
76,5,4
76,6,4
76,6,7
76,6,11
76,6,57
76,7,6
76,7,8
76,7,56
76,8,7
76,8,9
76,9,8
76,9,10
76,9,51
76,10,9
76,10,11
76,10,50
76,10,52
76,11,6
76,11,10
76,11,12
76,12,11
76,12,13
76,12,41
76,13,12
76,13,14
76,13,17
76,13,40
76,14,2
76,14,13
76,14,15
76,14,16
76,15,14
76,16,14
76,17,13
76,17,18
76,18,1
76,18,17
76,18,19
76,19,18
76,19,20
76,20,19
76,20,21
76,20,22
76,21,20
76,22,20
76,22,23
76,22,39
76,23,22
76,23,24
76,23,30
76,24,23
76,24,25
76,24,29
76,25,24
76,25,26
76,26,25
76,26,27
76,27,26
76,27,28
76,28,27
76,28,29
76,29,24
76,29,28
76,30,23
76,30,31
76,31,30
76,31,32
76,31,33
76,32,31
76,33,31
76,33,34
76,33,38
76,34,33
76,34,35
76,35,34
76,35,36
76,36,35
76,36,37
76,37,36
76,37,38
76,38,33
76,38,37
76,39,22
76,40,13
76,41,12
76,41,42
76,42,41
76,42,43
76,42,44
76,43,42
76,44,42
76,44,45
76,44,49
76,45,44
76,45,46
76,46,45
76,46,47
76,47,46
76,47,48
76,48,47
76,48,49
76,49,44
76,49,48
76,50,10
76,50,51
76,51,9
76,51,50
76,52,10
76,52,53
76,53,52
76,53,54
76,53,55
76,54,53
76,55,53
76,56,7
76,57,6
76,58,3
76,58,59
76,59,58
76,59,60
76,59,61
76,60,59
76,61,59
76,0,0
76,1,1
76,2,2
76,3,3
76,4,4
76,5,5
76,6,6
76,7,7
76,8,8
76,9,9
76,10,10
76,11,11
76,12,12
76,13,13
76,14,14
76,15,15
76,16,16
76,17,17
76,18,18
76,19,19
76,20,20
76,21,21
76,22,22
76,23,23
76,24,24
76,25,25
76,26,26
76,27,27
76,28,28
76,29,29
76,30,30
76,31,31
76,32,32
76,33,33
76,34,34
76,35,35
76,36,36
76,37,37
76,38,38
76,39,39
76,40,40
76,41,41
76,42,42
76,43,43
76,44,44
76,45,45
76,46,46
76,47,47
76,48,48
76,49,49
76,50,50
76,51,51
76,52,52
76,53,53
76,54,54
76,55,55
76,56,56
76,57,57
76,58,58
76,59,59
76,60,60
76,61,61
77,0,1
77,0,5
77,1,0
77,1,2
77,2,1
77,2,3
77,2,19
77,3,2
77,3,4
77,4,3
77,4,5
77,5,0
77,5,4
77,5,6
77,6,5
77,6,7
77,7,6
77,7,8
77,8,7
77,8,9
77,8,12
77,9,8
77,9,10
77,10,9
77,10,11
77,11,10
77,11,12
77,11,17
77,12,8
77,12,11
77,12,13
77,13,12
77,13,14
77,13,15
77,14,13
77,15,13
77,15,16
77,16,15
77,16,17
77,16,18
77,17,11
77,17,16
77,18,16
77,19,2
77,19,20
77,19,21
77,20,19
77,21,19
77,21,22
77,22,21
77,22,23
77,22,28
77,23,22
77,23,24
77,24,23
77,24,25
77,25,24
77,25,26
77,25,27
77,26,25
77,27,25
77,28,22
77,28,29
77,28,30
77,29,28
77,30,28
77,0,0
77,1,1
77,2,2
77,3,3
77,4,4
77,5,5
77,6,6
77,7,7
77,8,8
77,9,9
77,10,10
77,11,11
77,12,12
77,13,13
77,14,14
77,15,15
77,16,16
77,17,17
77,18,18
77,19,19
77,20,20
77,21,21
77,22,22
77,23,23
77,24,24
77,25,25
77,26,26
77,27,27
77,28,28
77,29,29
77,30,30
78,0,1
78,0,5
78,1,0
78,1,2
78,2,1
78,2,3
78,3,2
78,3,4
78,3,6
78,4,3
78,4,5
78,5,0
78,5,4
78,6,3
78,6,7
78,6,12
78,6,13
78,7,6
78,7,8
78,7,9
78,8,7
78,9,7
78,9,10
78,10,9
78,10,11
78,10,12
78,11,10
78,12,6
78,12,10
78,13,6
78,13,14
78,13,18
78,14,13
78,14,15
78,15,14
78,15,16
78,16,15
78,16,17
78,17,16
78,17,18
78,18,13
78,18,17
78,0,0
78,1,1
78,2,2
78,3,3
78,4,4
78,5,5
78,6,6
78,7,7
78,8,8
78,9,9
78,10,10
78,11,11
78,12,12
78,13,13
78,14,14
78,15,15
78,16,16
78,17,17
78,18,18
79,0,1
79,1,0
79,1,2
79,2,1
79,2,3
79,2,7
79,3,2
79,3,4
79,4,3
79,4,5
79,5,4
79,5,6
79,5,8
79,6,5
79,6,7
79,7,2
79,7,6
79,8,5
79,8,9
79,9,8
79,9,10
79,10,9
79,10,11
79,11,10
79,11,12
79,11,16
79,12,11
79,12,13
79,13,12
79,13,14
79,14,13
79,14,15
79,14,17
79,15,14
79,15,16
79,16,11
79,16,15
79,17,14
79,17,18
79,18,17
79,18,19
79,18,24
79,19,18
79,19,20
79,19,21
79,20,19
79,21,19
79,21,22
79,22,21
79,22,23
79,22,24
79,23,22
79,24,18
79,24,22
79,0,0
79,1,1
79,2,2
79,3,3
79,4,4
79,5,5
79,6,6
79,7,7
79,8,8
79,9,9
79,10,10
79,11,11
79,12,12
79,13,13
79,14,14
79,15,15
79,16,16
79,17,17
79,18,18
79,19,19
79,20,20
79,21,21
79,22,22
79,23,23
79,24,24
80,0,1
80,1,0
80,1,2
80,1,6
80,1,9
80,2,1
80,2,3
80,3,2
80,3,4
80,3,25
80,4,3
80,4,5
80,4,23
80,5,4
80,5,6
80,5,15
80,6,1
80,6,5
80,6,7
80,7,6
80,7,8
80,8,7
80,8,9
80,9,1
80,9,8
80,9,10
80,9,14
80,10,9
80,10,11
80,10,12
80,11,10
80,12,10
80,12,13
80,13,12
80,14,9
80,15,5
80,15,16
80,16,15
80,16,17
80,17,16
80,17,18
80,17,23
80,18,17
80,18,19
80,19,18
80,19,20
80,19,21
80,20,19
80,21,19
80,21,22
80,22,21
80,22,23
80,23,4
80,23,17
80,23,22
80,23,24
80,24,23
80,25,3
80,0,0
80,1,1
80,2,2
80,3,3
80,4,4
80,5,5
80,6,6
80,7,7
80,8,8
80,9,9
80,10,10
80,11,11
80,12,12
80,13,13
80,14,14
80,15,15
80,16,16
80,17,17
80,18,18
80,19,19
80,20,20
80,21,21
80,22,22
80,23,23
80,24,24
80,25,25
81,0,1
81,1,0
81,1,2
81,1,7
81,1,10
81,2,1
81,2,3
81,3,2
81,3,4
81,3,5
81,4,3
81,5,3
81,5,6
81,5,24
81,6,5
81,6,7
81,6,16
81,7,1
81,7,6
81,7,8
81,8,7
81,8,9
81,9,8
81,9,10
81,10,1
81,10,9
81,10,11
81,10,15
81,11,10
81,11,12
81,11,13
81,12,11
81,13,11
81,13,14
81,14,13
81,15,10
81,16,6
81,16,17
81,17,16
81,17,18
81,18,17
81,18,19
81,18,24
81,19,18
81,19,20
81,20,19
81,20,21
81,20,22
81,21,20
81,22,20
81,22,23
81,23,22
81,23,24
81,24,5
81,24,18
81,24,23
81,24,25
81,25,24
81,0,0
81,1,1
81,2,2
81,3,3
81,4,4
81,5,5
81,6,6
81,7,7
81,8,8
81,9,9
81,10,10
81,11,11
81,12,12
81,13,13
81,14,14
81,15,15
81,16,16
81,17,17
81,18,18
81,19,19
81,20,20
81,21,21
81,22,22
81,23,23
81,24,24
81,25,25
82,0,1
82,0,5
82,1,0
82,1,2
82,2,1
82,2,3
82,3,2
82,3,4
82,3,6
82,4,3
82,4,5
82,5,0
82,5,4
82,6,3
82,6,7
82,7,6
82,7,8
82,8,7
82,8,9
82,9,8
82,9,10
82,9,14
82,10,9
82,10,11
82,11,10
82,11,12
82,12,11
82,12,13
82,12,15
82,13,12
82,13,14
82,14,9
82,14,13
82,15,12
82,15,16
82,15,17
82,16,15
82,17,15
82,17,18
82,17,21
82,18,17
82,18,19
82,18,27
82,19,18
82,19,20
82,20,19
82,20,21
82,20,25
82,21,17
82,21,20
82,21,22
82,22,21
82,22,23
82,23,22
82,23,24
82,24,23
82,24,25
82,24,26
82,25,20
82,25,24
82,26,24
82,27,18
82,27,28
82,27,32
82,28,27
82,28,29
82,29,28
82,29,30
82,30,29
82,30,31
82,30,33
82,31,30
82,31,32
82,32,27
82,32,31
82,33,30
82,0,0
82,1,1
82,2,2
82,3,3
82,4,4
82,5,5
82,6,6
82,7,7
82,8,8
82,9,9
82,10,10
82,11,11
82,12,12
82,13,13
82,14,14
82,15,15
82,16,16
82,17,17
82,18,18
82,19,19
82,20,20
82,21,21
82,22,22
82,23,23
82,24,24
82,25,25
82,26,26
82,27,27
82,28,28
82,29,29
82,30,30
82,31,31
82,32,32
82,33,33
83,0,1
83,1,0
83,1,2
83,2,1
83,2,3
83,3,2
83,3,4
83,3,5
83,4,3
83,5,3
83,5,6
83,5,14
83,6,5
83,6,7
83,7,6
83,7,8
83,8,7
83,8,9
83,8,13
83,9,8
83,9,10
83,10,9
83,10,11
83,11,10
83,11,12
83,12,11
83,12,13
83,13,8
83,13,12
83,14,5
83,14,15
83,15,14
83,15,16
83,15,17
83,16,15
83,17,15
83,17,18
83,17,19
83,18,17
83,19,17
83,19,20
83,19,26
83,20,19
83,20,21
83,20,24
83,21,20
83,21,22
83,22,21
83,22,23
83,23,22
83,23,24
83,24,20
83,24,23
83,24,25
83,25,24
83,25,26
83,26,19
83,26,25
83,26,27
83,27,26
83,27,28
83,27,29
83,28,27
83,29,27
83,0,0
83,1,1
83,2,2
83,3,3
83,4,4
83,5,5
83,6,6
83,7,7
83,8,8
83,9,9
83,10,10
83,11,11
83,12,12
83,13,13
83,14,14
83,15,15
83,16,16
83,17,17
83,18,18
83,19,19
83,20,20
83,21,21
83,22,22
83,23,23
83,24,24
83,25,25
83,26,26
83,27,27
83,28,28
83,29,29
84,0,1
84,1,0
84,1,2
84,2,1
84,2,3
84,2,7
84,3,2
84,3,4
84,4,3
84,4,5
84,4,6
84,5,4
84,6,4
84,7,2
84,7,8
84,8,7
84,8,9
84,9,8
84,9,10
84,10,9
84,10,11
84,11,10
84,11,12
84,12,11
84,12,13
84,12,16
84,13,12
84,13,14
84,14,13
84,14,15
84,15,14
84,15,16
84,15,17
84,16,12
84,16,15
84,17,15
84,17,18
84,18,17
84,18,19
84,18,20
84,19,18
84,20,18
84,0,0
84,1,1
84,2,2
84,3,3
84,4,4
84,5,5
84,6,6
84,7,7
84,8,8
84,9,9
84,10,10
84,11,11
84,12,12
84,13,13
84,14,14
84,15,15
84,16,16
84,17,17
84,18,18
84,19,19
84,20,20
85,0,1
85,1,0
85,1,2
85,2,1
85,2,3
85,3,2
85,3,4
85,3,8
85,4,3
85,4,5
85,4,30
85,5,4
85,5,6
85,6,5
85,6,7
85,7,6
85,7,8
85,7,9
85,8,3
85,8,7
85,9,7
85,9,10
85,10,9
85,10,11
85,10,12
85,11,10
85,12,10
85,12,13
85,13,12
85,13,14
85,13,18
85,14,13
85,14,15
85,15,14
85,15,16
85,15,17
85,16,15
85,17,15
85,18,13
85,18,19
85,18,23
85,19,18
85,19,20
85,20,19
85,20,21
85,21,20
85,21,22
85,22,21
85,22,23
85,23,18
85,23,22
85,23,24
85,24,23
85,24,25
85,24,29
85,25,24
85,25,26
85,26,25
85,26,27
85,27,26
85,27,28
85,28,27
85,28,29
85,29,24
85,29,28
85,30,4
85,30,31
85,30,32
85,31,30
85,32,30
85,0,0
85,1,1
85,2,2
85,3,3
85,4,4
85,5,5
85,6,6
85,7,7
85,8,8
85,9,9
85,10,10
85,11,11
85,12,12
85,13,13
85,14,14
85,15,15
85,16,16
85,17,17
85,18,18
85,19,19
85,20,20
85,21,21
85,22,22
85,23,23
85,24,24
85,25,25
85,26,26
85,27,27
85,28,28
85,29,29
85,30,30
85,31,31
85,32,32
86,0,1
86,1,0
86,1,2
86,1,6
86,2,1
86,2,3
86,2,9
86,3,2
86,3,4
86,3,7
86,3,8
86,4,3
86,4,5
86,5,4
86,5,6
86,6,1
86,6,5
86,7,3
86,8,3
86,9,2
86,9,10
86,10,9
86,10,11
86,11,10
86,11,12
86,11,21
86,12,11
86,12,13
86,13,12
86,13,14
86,14,13
86,14,15
86,15,14
86,15,16
86,15,20
86,16,15
86,16,17
86,17,16
86,17,18
86,17,19
86,18,17
86,19,17
86,20,15
86,21,11
86,0,0
86,1,1
86,2,2
86,3,3
86,4,4
86,5,5
86,6,6
86,7,7
86,8,8
86,9,9
86,10,10
86,11,11
86,12,12
86,13,13
86,14,14
86,15,15
86,16,16
86,17,17
86,18,18
86,19,19
86,20,20
86,21,21
87,0,1
87,1,0
87,1,2
87,1,11
87,2,1
87,2,3
87,2,12
87,3,2
87,3,4
87,3,5
87,4,3
87,5,3
87,5,6
87,5,10
87,6,5
87,6,7
87,7,6
87,7,8
87,8,7
87,8,9
87,9,8
87,9,10
87,10,5
87,10,9
87,10,11
87,11,1
87,11,10
87,12,2
87,12,13
87,13,12
87,13,14
87,14,13
87,14,15
87,14,19
87,15,14
87,15,16
87,16,15
87,16,17
87,17,16
87,17,18
87,17,20
87,18,17
87,18,19
87,19,14
87,19,18
87,20,17
87,20,21
87,20,24
87,21,20
87,21,22
87,22,21
87,22,23
87,23,22
87,23,24
87,23,28
87,24,20
87,24,23
87,24,25
87,25,24
87,25,26
87,26,25
87,26,27
87,27,26
87,27,28
87,27,29
87,28,23
87,28,27
87,29,27
87,0,0
87,1,1
87,2,2
87,3,3
87,4,4
87,5,5
87,6,6
87,7,7
87,8,8
87,9,9
87,10,10
87,11,11
87,12,12
87,13,13
87,14,14
87,15,15
87,16,16
87,17,17
87,18,18
87,19,19
87,20,20
87,21,21
87,22,22
87,23,23
87,24,24
87,25,25
87,26,26
87,27,27
87,28,28
87,29,29
88,0,1
88,1,0
88,1,2
88,1,3
88,1,4
88,2,1
88,3,1
88,4,1
88,4,5
88,4,9
88,5,4
88,5,6
88,6,5
88,6,7
88,7,6
88,7,8
88,7,10
88,8,7
88,8,9
88,9,4
88,9,8
88,10,7
88,10,11
88,10,15
88,11,10
88,11,12
88,11,16
88,12,11
88,12,13
88,12,14
88,13,12
88,14,12
88,14,15
88,15,10
88,15,14
88,16,11
88,16,17
88,16,21
88,17,16
88,17,18
88,18,17
88,18,19
88,19,18
88,19,20
88,20,19
88,20,21
88,21,16
88,21,20
88,0,0
88,1,1
88,2,2
88,3,3
88,4,4
88,5,5
88,6,6
88,7,7
88,8,8
88,9,9
88,10,10
88,11,11
88,12,12
88,13,13
88,14,14
88,15,15
88,16,16
88,17,17
88,18,18
88,19,19
88,20,20
88,21,21
89,0,1
89,1,0
89,1,2
89,2,1
89,2,3
89,2,4
89,2,5
89,3,2
89,4,2
89,5,2
89,5,6
89,5,7
89,6,5
89,7,5
89,7,8
89,8,7
89,8,9
89,8,13
89,9,8
89,9,10
89,10,9
89,10,11
89,10,29
89,11,10
89,11,12
89,12,11
89,12,13
89,12,17
89,13,8
89,13,12
89,13,14
89,14,13
89,14,15
89,14,19
89,15,14
89,15,16
89,15,18
89,16,15
89,16,17
89,17,12
89,17,16
89,18,15
89,19,14
89,19,20
89,20,19
89,20,21
89,21,20
89,21,22
89,21,27
89,22,21
89,22,23
89,23,22
89,23,24
89,23,28
89,24,23
89,24,25
89,25,24
89,25,26
89,25,27
89,26,25
89,27,21
89,27,25
89,28,23
89,29,10
89,0,0
89,1,1
89,2,2
89,3,3
89,4,4
89,5,5
89,6,6
89,7,7
89,8,8
89,9,9
89,10,10
89,11,11
89,12,12
89,13,13
89,14,14
89,15,15
89,16,16
89,17,17
89,18,18
89,19,19
89,20,20
89,21,21
89,22,22
89,23,23
89,24,24
89,25,25
89,26,26
89,27,27
89,28,28
89,29,29
90,0,1
90,1,0
90,1,2
90,2,1
90,2,3
90,2,4
90,3,2
90,4,2
90,4,5
90,4,9
90,5,4
90,5,6
90,6,5
90,6,7
90,7,6
90,7,8
90,8,7
90,8,9
90,8,10
90,9,4
90,9,8
90,10,8
90,10,11
90,11,10
90,11,12
90,11,16
90,12,11
90,12,13
90,13,12
90,13,14
90,14,13
90,14,15
90,14,17
90,15,14
90,15,16
90,16,11
90,16,15
90,17,14
90,17,18
90,18,17
90,18,19
90,18,20
90,19,18
90,20,18
90,20,21
90,21,20
90,21,22
90,21,26
90,22,21
90,22,23
90,23,22
90,23,24
90,23,28
90,24,23
90,24,25
90,24,27
90,25,24
90,25,26
90,26,21
90,26,25
90,27,24
90,28,23
90,28,29
90,28,30
90,28,31
90,29,28
90,30,28
90,31,28
90,0,0
90,1,1
90,2,2
90,3,3
90,4,4
90,5,5
90,6,6
90,7,7
90,8,8
90,9,9
90,10,10
90,11,11
90,12,12
90,13,13
90,14,14
90,15,15
90,16,16
90,17,17
90,18,18
90,19,19
90,20,20
90,21,21
90,22,22
90,23,23
90,24,24
90,25,25
90,26,26
90,27,27
90,28,28
90,29,29
90,30,30
90,31,31
91,0,1
91,1,0
91,1,2
91,1,7
91,2,1
91,2,3
91,3,2
91,3,4
91,3,5
91,4,3
91,5,3
91,5,6
91,5,12
91,6,5
91,6,7
91,6,9
91,7,1
91,7,6
91,7,8
91,8,7
91,9,6
91,9,10
91,10,9
91,10,11
91,10,28
91,11,10
91,11,12
91,11,22
91,12,5
91,12,11
91,12,13
91,13,12
91,13,14
91,13,18
91,14,13
91,14,15
91,15,14
91,15,16
91,15,21
91,16,15
91,16,17
91,16,19
91,17,16
91,17,18
91,18,13
91,18,17
91,19,16
91,19,20
91,20,19
91,20,21
91,21,15
91,21,20
91,22,11
91,22,23
91,23,22
91,23,24
91,23,28
91,24,23
91,24,25
91,25,24
91,25,26
91,26,25
91,26,27
91,27,26
91,27,28
91,28,10
91,28,23
91,28,27
91,0,0
91,1,1
91,2,2
91,3,3
91,4,4
91,5,5
91,6,6
91,7,7
91,8,8
91,9,9
91,10,10
91,11,11
91,12,12
91,13,13
91,14,14
91,15,15
91,16,16
91,17,17
91,18,18
91,19,19
91,20,20
91,21,21
91,22,22
91,23,23
91,24,24
91,25,25
91,26,26
91,27,27
91,28,28
92,0,1
92,1,0
92,1,2
92,1,10
92,2,1
92,2,3
92,2,4
92,3,2
92,4,2
92,4,5
92,4,8
92,5,4
92,5,6
92,6,5
92,6,7
92,7,6
92,7,8
92,7,11
92,8,4
92,8,7
92,8,9
92,9,8
92,9,10
92,10,1
92,10,9
92,11,7
92,11,12
92,11,13
92,12,11
92,13,11
92,0,0
92,1,1
92,2,2
92,3,3
92,4,4
92,5,5
92,6,6
92,7,7
92,8,8
92,9,9
92,10,10
92,11,11
92,12,12
92,13,13
93,0,1
93,0,7
93,1,0
93,1,2
93,2,1
93,2,3
93,2,4
93,3,2
93,4,2
93,4,5
93,5,4
93,5,6
93,5,7
93,6,5
93,7,0
93,7,5
93,7,8
93,8,7
93,8,9
93,8,17
93,9,8
93,9,10
93,9,11
93,10,9
93,11,9
93,11,12
93,11,16
93,12,11
93,12,13
93,13,12
93,13,14
93,14,13
93,14,15
93,15,14
93,15,16
93,16,11
93,16,15
93,16,17
93,17,8
93,17,16
93,17,18
93,18,17
93,0,0
93,1,1
93,2,2
93,3,3
93,4,4
93,5,5
93,6,6
93,7,7
93,8,8
93,9,9
93,10,10
93,11,11
93,12,12
93,13,13
93,14,14
93,15,15
93,16,16
93,17,17
93,18,18
94,0,1
94,0,2
94,1,0
94,1,2
94,2,0
94,2,1
94,2,3
94,3,2
94,3,4
94,3,5
94,3,8
94,4,3
94,5,3
94,5,6
94,5,7
94,6,5
94,6,7
94,7,5
94,7,6
94,8,3
94,8,9
94,8,10
94,9,8
94,9,10
94,10,8
94,10,9
94,0,0
94,1,1
94,2,2
94,3,3
94,4,4
94,5,5
94,6,6
94,7,7
94,8,8
94,9,9
94,10,10
95,0,1
95,1,0
95,1,2
95,1,6
95,2,1
95,2,3
95,3,2
95,3,4
95,3,7
95,4,3
95,4,5
95,5,4
95,5,6
95,6,1
95,6,5
95,7,3
95,7,8
95,8,7
95,8,9
95,8,13
95,9,8
95,9,10
95,9,14
95,10,9
95,10,11
95,11,10
95,11,12
95,12,11
95,12,13
95,13,8
95,13,12
95,14,9
95,14,15
95,14,16
95,14,17
95,15,14
95,16,14
95,17,14
95,17,18
95,18,17
95,18,19
95,18,20
95,19,18
95,20,18
95,20,21
95,21,20
95,21,22
95,21,23
95,22,21
95,23,21
95,0,0
95,1,1
95,2,2
95,3,3
95,4,4
95,5,5
95,6,6
95,7,7
95,8,8
95,9,9
95,10,10
95,11,11
95,12,12
95,13,13
95,14,14
95,15,15
95,16,16
95,17,17
95,18,18
95,19,19
95,20,20
95,21,21
95,22,22
95,23,23
96,0,1
96,1,0
96,1,2
96,1,6
96,1,9
96,2,1
96,2,3
96,3,2
96,3,4
96,3,27
96,4,3
96,4,5
96,4,24
96,4,26
96,5,4
96,5,6
96,5,16
96,6,1
96,6,5
96,6,7
96,7,6
96,7,8
96,8,7
96,8,9
96,8,15
96,9,1
96,9,8
96,9,10
96,9,14
96,10,9
96,10,11
96,10,12
96,11,10
96,12,10
96,12,13
96,13,12
96,14,9
96,15,8
96,16,5
96,16,17
96,17,16
96,17,18
96,18,17
96,18,19
96,18,24
96,19,18
96,19,20
96,20,19
96,20,21
96,20,22
96,21,20
96,22,20
96,22,23
96,23,22
96,23,24
96,24,4
96,24,18
96,24,23
96,24,25
96,25,24
96,26,4
96,27,3
96,0,0
96,1,1
96,2,2
96,3,3
96,4,4
96,5,5
96,6,6
96,7,7
96,8,8
96,9,9
96,10,10
96,11,11
96,12,12
96,13,13
96,14,14
96,15,15
96,16,16
96,17,17
96,18,18
96,19,19
96,20,20
96,21,21
96,22,22
96,23,23
96,24,24
96,25,25
96,26,26
96,27,27
97,0,1
97,1,0
97,1,2
97,2,1
97,2,3
97,2,7
97,3,2
97,3,4
97,4,3
97,4,5
97,4,12
97,5,4
97,5,6
97,6,5
97,6,7
97,6,10
97,7,2
97,7,6
97,7,8
97,8,7
97,8,9
97,9,8
97,10,6
97,10,11
97,11,10
97,12,4
97,12,13
97,13,12
97,13,14
97,13,18
97,14,13
97,14,15
97,15,14
97,15,16
97,16,15
97,16,17
97,16,20
97,17,16
97,17,18
97,18,13
97,18,17
97,18,19
97,19,18
97,20,16
97,0,0
97,1,1
97,2,2
97,3,3
97,4,4
97,5,5
97,6,6
97,7,7
97,8,8
97,9,9
97,10,10
97,11,11
97,12,12
97,13,13
97,14,14
97,15,15
97,16,16
97,17,17
97,18,18
97,19,19
97,20,20
98,0,1
98,1,0
98,1,2
98,1,7
98,2,1
98,2,3
98,3,2
98,3,4
98,4,3
98,4,5
98,4,6
98,5,4
98,6,4
98,7,1
98,7,8
98,7,11
98,8,7
98,8,9
98,9,8
98,9,10
98,10,9
98,10,11
98,10,15
98,11,7
98,11,10
98,11,12
98,11,27
98,12,11
98,12,13
98,13,12
98,13,14
98,14,13
98,14,15
98,14,19
98,15,10
98,15,14
98,15,16
98,16,15
98,16,17
98,16,26
98,17,16
98,17,18
98,18,17
98,18,19
98,18,23
98,19,14
98,19,18
98,19,20
98,19,25
98,20,19
98,20,21
98,21,20
98,21,22
98,22,21
98,22,23
98,22,24
98,23,18
98,23,22
98,24,22
98,25,19
98,26,16
98,27,11
98,0,0
98,1,1
98,2,2
98,3,3
98,4,4
98,5,5
98,6,6
98,7,7
98,8,8
98,9,9
98,10,10
98,11,11
98,12,12
98,13,13
98,14,14
98,15,15
98,16,16
98,17,17
98,18,18
98,19,19
98,20,20
98,21,21
98,22,22
98,23,23
98,24,24
98,25,25
98,26,26
98,27,27
99,0,1
99,1,0
99,1,2
99,2,1
99,2,3
99,3,2
99,3,4
99,4,3
99,4,5
99,4,6
99,5,4
99,6,4
99,6,7
99,6,25
99,7,6
99,7,8
99,8,7
99,8,9
99,8,13
99,9,8
99,9,10
99,10,9
99,10,11
99,11,10
99,11,12
99,11,14
99,12,11
99,12,13
99,13,8
99,13,12
99,14,11
99,14,15
99,14,19
99,15,14
99,15,16
99,16,15
99,16,17
99,17,16
99,17,18
99,18,17
99,18,19
99,19,14
99,19,18
99,19,20
99,20,19
99,20,21
99,20,24
99,21,20
99,21,22
99,22,21
99,22,23
99,23,22
99,23,24
99,24,20
99,24,23
99,25,6
99,25,26
99,25,29
99,26,25
99,26,27
99,26,28
99,27,26
99,28,26
99,29,25
99,29,30
99,29,31
99,30,29
99,31,29
99,0,0
99,1,1
99,2,2
99,3,3
99,4,4
99,5,5
99,6,6
99,7,7
99,8,8
99,9,9
99,10,10
99,11,11
99,12,12
99,13,13
99,14,14
99,15,15
99,16,16
99,17,17
99,18,18
99,19,19
99,20,20
99,21,21
99,22,22
99,23,23
99,24,24
99,25,25
99,26,26
99,27,27
99,28,28
99,29,29
99,30,30
99,31,31
100,0,1
100,1,0
100,1,2
100,1,3
100,2,1
100,3,1
100,3,4
100,4,3
100,4,5
100,4,13
100,5,4
100,5,6
100,5,10
100,6,5
100,6,7
100,7,6
100,7,8
100,8,7
100,8,9
100,8,11
100,9,8
100,9,10
100,10,5
100,10,9
100,11,8
100,11,12
100,12,11
100,13,4
100,13,14
100,13,18
100,13,19
100,14,13
100,14,15
100,15,14
100,15,16
100,16,15
100,16,17
100,17,16
100,17,18
100,18,13
100,18,17
100,19,13
100,0,0
100,1,1
100,2,2
100,3,3
100,4,4
100,5,5
100,6,6
100,7,7
100,8,8
100,9,9
100,10,10
100,11,11
100,12,12
100,13,13
100,14,14
100,15,15
100,16,16
100,17,17
100,18,18
100,19,19
101,0,1
101,1,0
101,1,2
101,2,1
101,2,3
101,2,13
101,2,58
101,3,2
101,3,4
101,4,3
101,4,5
101,4,12
101,5,4
101,5,6
101,6,5
101,6,7
101,6,21
101,6,54
101,7,6
101,7,8
101,7,20
101,8,7
101,8,9
101,8,14
101,9,8
101,9,10
101,10,9
101,10,11
101,11,10
101,11,12
101,11,13
101,12,4
101,12,11
101,13,2
101,13,11
101,14,8
101,14,15
101,14,19
101,15,14
101,15,16
101,16,15
101,16,17
101,17,16
101,17,18
101,18,17
101,18,19
101,19,14
101,19,18
101,19,20
101,20,7
101,20,19
101,21,6
101,21,22
101,21,26
101,22,21
101,22,23
101,22,52
101,23,22
101,23,24
101,24,23
101,24,25
101,24,39
101,25,24
101,25,26
101,25,27
101,26,21
101,26,25
101,27,25
101,27,28
101,27,31
101,27,38
101,28,27
101,28,29
101,29,28
101,29,30
101,30,29
101,30,31
101,30,35
101,31,27
101,31,30
101,31,32
101,32,31
101,32,33
101,32,36
101,32,50
101,33,32
101,33,34
101,34,33
101,34,35
101,35,30
101,35,34
101,36,32
101,36,37
101,36,46
101,37,36
101,37,38
101,37,41
101,37,45
101,38,27
101,38,37
101,38,39
101,39,24
101,39,38
101,39,40
101,40,39
101,41,37
101,41,42
101,41,43
101,42,41
101,43,41
101,43,44
101,44,43
101,45,37
101,46,36
101,46,47
101,47,46
101,47,48
101,47,49
101,48,47
101,49,47
101,50,32
101,50,51
101,51,50
101,52,22
101,52,53
101,53,52
101,54,6
101,54,55
101,54,56
101,55,54
101,56,54
101,56,57
101,57,56
101,58,2
101,0,0
101,1,1
101,2,2
101,3,3
101,4,4
101,5,5
101,6,6
101,7,7
101,8,8
101,9,9
101,10,10
101,11,11
101,12,12
101,13,13
101,14,14
101,15,15
101,16,16
101,17,17
101,18,18
101,19,19
101,20,20
101,21,21
101,22,22
101,23,23
101,24,24
101,25,25
101,26,26
101,27,27
101,28,28
101,29,29
101,30,30
101,31,31
101,32,32
101,33,33
101,34,34
101,35,35
101,36,36
101,37,37
101,38,38
101,39,39
101,40,40
101,41,41
101,42,42
101,43,43
101,44,44
101,45,45
101,46,46
101,47,47
101,48,48
101,49,49
101,50,50
101,51,51
101,52,52
101,53,53
101,54,54
101,55,55
101,56,56
101,57,57
101,58,58
102,0,1
102,1,0
102,1,2
102,2,1
102,2,3
102,2,13
102,2,59
102,3,2
102,3,4
102,4,3
102,4,5
102,4,12
102,5,4
102,5,6
102,6,5
102,6,7
102,6,21
102,6,55
102,7,6
102,7,8
102,7,20
102,8,7
102,8,9
102,8,14
102,9,8
102,9,10
102,10,9
102,10,11
102,11,10
102,11,12
102,11,13
102,12,4
102,12,11
102,13,2
102,13,11
102,14,8
102,14,15
102,14,19
102,15,14
102,15,16
102,16,15
102,16,17
102,17,16
102,17,18
102,18,17
102,18,19
102,19,14
102,19,18
102,19,20
102,20,7
102,20,19
102,21,6
102,21,22
102,21,26
102,22,21
102,22,23
102,22,53
102,23,22
102,23,24
102,24,23
102,24,25
102,24,39
102,25,24
102,25,26
102,25,27
102,26,21
102,26,25
102,27,25
102,27,28
102,27,31
102,27,38
102,28,27
102,28,29
102,29,28
102,29,30
102,30,29
102,30,31
102,30,35
102,31,27
102,31,30
102,31,32
102,32,31
102,32,33
102,32,36
102,32,51
102,33,32
102,33,34
102,34,33
102,34,35
102,35,30
102,35,34
102,36,32
102,36,37
102,36,47
102,37,36
102,37,38
102,37,42
102,37,46
102,38,27
102,38,37
102,38,39
102,39,24
102,39,38
102,39,40
102,40,39
102,40,41
102,41,40
102,42,37
102,42,43
102,42,44
102,43,42
102,44,42
102,44,45
102,45,44
102,46,37
102,47,36
102,47,48
102,48,47
102,48,49
102,48,50
102,49,48
102,50,48
102,51,32
102,51,52
102,52,51
102,53,22
102,53,54
102,54,53
102,55,6
102,55,56
102,55,57
102,56,55
102,57,55
102,57,58
102,58,57
102,59,2
102,0,0
102,1,1
102,2,2
102,3,3
102,4,4
102,5,5
102,6,6
102,7,7
102,8,8
102,9,9
102,10,10
102,11,11
102,12,12
102,13,13
102,14,14
102,15,15
102,16,16
102,17,17
102,18,18
102,19,19
102,20,20
102,21,21
102,22,22
102,23,23
102,24,24
102,25,25
102,26,26
102,27,27
102,28,28
102,29,29
102,30,30
102,31,31
102,32,32
102,33,33
102,34,34
102,35,35
102,36,36
102,37,37
102,38,38
102,39,39
102,40,40
102,41,41
102,42,42
102,43,43
102,44,44
102,45,45
102,46,46
102,47,47
102,48,48
102,49,49
102,50,50
102,51,51
102,52,52
102,53,53
102,54,54
102,55,55
102,56,56
102,57,57
102,58,58
102,59,59
103,0,1
103,1,0
103,1,2
103,2,1
103,2,3
103,2,12
103,3,2
103,3,4
103,4,3
103,4,5
103,4,11
103,5,4
103,5,6
103,6,5
103,6,7
103,6,20
103,6,53
103,7,6
103,7,8
103,7,19
103,8,7
103,8,9
103,8,13
103,9,8
103,9,10
103,10,9
103,10,11
103,10,12
103,11,4
103,11,10
103,12,2
103,12,10
103,13,8
103,13,14
103,13,18
103,14,13
103,14,15
103,15,14
103,15,16
103,16,15
103,16,17
103,17,16
103,17,18
103,18,13
103,18,17
103,18,19
103,19,7
103,19,18
103,20,6
103,20,21
103,20,25
103,21,20
103,21,22
103,21,51
103,22,21
103,22,23
103,23,22
103,23,24
103,23,38
103,24,23
103,24,25
103,24,26
103,25,20
103,25,24
103,26,24
103,26,27
103,26,30
103,26,37
103,27,26
103,27,28
103,28,27
103,28,29
103,29,28
103,29,30
103,29,34
103,30,26
103,30,29
103,30,31
103,31,30
103,31,32
103,31,35
103,31,49
103,32,31
103,32,33
103,33,32
103,33,34
103,34,29
103,34,33
103,35,31
103,35,36
103,35,45
103,36,35
103,36,37
103,36,40
103,36,44
103,37,26
103,37,36
103,37,38
103,38,23
103,38,37
103,38,39
103,39,38
103,40,36
103,40,41
103,40,42
103,41,40
103,42,40
103,42,43
103,43,42
103,44,36
103,45,35
103,45,46
103,46,45
103,46,47
103,46,48
103,47,46
103,48,46
103,49,31
103,49,50
103,50,49
103,51,21
103,51,52
103,52,51
103,53,6
103,53,54
103,53,55
103,54,53
103,55,53
103,55,56
103,56,55
103,0,0
103,1,1
103,2,2
103,3,3
103,4,4
103,5,5
103,6,6
103,7,7
103,8,8
103,9,9
103,10,10
103,11,11
103,12,12
103,13,13
103,14,14
103,15,15
103,16,16
103,17,17
103,18,18
103,19,19
103,20,20
103,21,21
103,22,22
103,23,23
103,24,24
103,25,25
103,26,26
103,27,27
103,28,28
103,29,29
103,30,30
103,31,31
103,32,32
103,33,33
103,34,34
103,35,35
103,36,36
103,37,37
103,38,38
103,39,39
103,40,40
103,41,41
103,42,42
103,43,43
103,44,44
103,45,45
103,46,46
103,47,47
103,48,48
103,49,49
103,50,50
103,51,51
103,52,52
103,53,53
103,54,54
103,55,55
103,56,56
104,0,1
104,1,0
104,1,2
104,1,6
104,2,1
104,2,3
104,3,2
104,3,4
104,3,10
104,4,3
104,4,5
104,4,8
104,5,4
104,5,6
104,6,1
104,6,5
104,6,7
104,7,6
104,8,4
104,8,9
104,8,11
104,9,8
104,9,10
104,10,3
104,10,9
104,11,8
104,11,12
104,11,15
104,12,11
104,12,13
104,12,89
104,13,12
104,13,14
104,13,18
104,14,13
104,14,15
104,14,16
104,15,11
104,15,14
104,16,14
104,16,17
104,17,16
104,18,13
104,18,19
104,19,18
104,19,20
104,19,21
104,19,22
104,20,19
104,21,19
104,22,19
104,22,23
104,23,22
104,23,24
104,23,25
104,24,23
104,25,23
104,25,26
104,26,25
104,26,27
104,27,26
104,27,28
104,27,29
104,28,27
104,29,27
104,29,30
104,30,29
104,30,31
104,31,30
104,31,32
104,31,52
104,31,88
104,32,31
104,32,33
104,32,84
104,33,32
104,33,34
104,33,53
104,34,33
104,34,35
104,34,38
104,34,83
104,35,34
104,35,36
104,35,78
104,35,79
104,36,35
104,36,37
104,36,73
104,37,36
104,37,38
104,37,39
104,38,34
104,38,37
104,39,37
104,39,40
104,39,72
104,40,39
104,40,41
104,40,44
104,41,40
104,41,42
104,41,67
104,41,68
104,42,41
104,42,43
104,42,62
104,43,42
104,43,44
104,43,45
104,44,40
104,44,43
104,45,43
104,45,46
104,46,45
104,46,47
104,46,50
104,47,46
104,47,48
104,47,60
104,47,61
104,48,47
104,48,49
104,48,55
104,49,48
104,49,50
104,49,51
104,50,46
104,50,49
104,51,49
104,51,52
104,51,54
104,52,31
104,52,51
104,52,53
104,53,33
104,53,52
104,54,51
104,55,48
104,55,56
104,56,55
104,56,57
104,57,56
104,57,58
104,57,59
104,58,57
104,59,57
104,60,47
104,61,47
104,62,42
104,62,63
104,63,62
104,63,64
104,64,63
104,64,65
104,64,66
104,65,64
104,66,64
104,67,41
104,68,41
104,68,69
104,69,68
104,69,70
104,69,71
104,70,69
104,71,69
104,72,39
104,73,36
104,73,74
104,74,73
104,74,75
104,75,74
104,75,76
104,75,77
104,76,75
104,77,75
104,78,35
104,79,35
104,79,80
104,80,79
104,80,81
104,80,82
104,81,80
104,82,80
104,83,34
104,84,32
104,84,85
104,85,84
104,85,86
104,85,87
104,86,85
104,87,85
104,88,31
104,89,12
104,0,0
104,1,1
104,2,2
104,3,3
104,4,4
104,5,5
104,6,6
104,7,7
104,8,8
104,9,9
104,10,10
104,11,11
104,12,12
104,13,13
104,14,14
104,15,15
104,16,16
104,17,17
104,18,18
104,19,19
104,20,20
104,21,21
104,22,22
104,23,23
104,24,24
104,25,25
104,26,26
104,27,27
104,28,28
104,29,29
104,30,30
104,31,31
104,32,32
104,33,33
104,34,34
104,35,35
104,36,36
104,37,37
104,38,38
104,39,39
104,40,40
104,41,41
104,42,42
104,43,43
104,44,44
104,45,45
104,46,46
104,47,47
104,48,48
104,49,49
104,50,50
104,51,51
104,52,52
104,53,53
104,54,54
104,55,55
104,56,56
104,57,57
104,58,58
104,59,59
104,60,60
104,61,61
104,62,62
104,63,63
104,64,64
104,65,65
104,66,66
104,67,67
104,68,68
104,69,69
104,70,70
104,71,71
104,72,72
104,73,73
104,74,74
104,75,75
104,76,76
104,77,77
104,78,78
104,79,79
104,80,80
104,81,81
104,82,82
104,83,83
104,84,84
104,85,85
104,86,86
104,87,87
104,88,88
104,89,89
105,0,1
105,0,4
105,1,0
105,1,2
105,2,1
105,2,3
105,2,5
105,3,2
105,3,4
105,4,0
105,4,3
105,5,2
105,5,6
105,6,5
105,6,7
105,6,8
105,6,12
105,7,6
105,8,6
105,8,9
105,8,10
105,8,11
105,9,8
105,10,8
105,11,8
105,12,6
105,12,13
105,12,14
105,12,15
105,13,12
105,14,12
105,15,12
105,0,0
105,1,1
105,2,2
105,3,3
105,4,4
105,5,5
105,6,6
105,7,7
105,8,8
105,9,9
105,10,10
105,11,11
105,12,12
105,13,13
105,14,14
105,15,15
